;Date;Team1;Team2;Map;Event;event_type;event_tier
0;22/12/19;Vitality (16);MOUZ (9);nuke  Nuke;EPICENTER 2019;BigEvents;S
1;22/12/19;Vitality (16);MOUZ (12);mrg  Mirage;EPICENTER 2019;BigEvents;S
2;22/12/19;MOUZ (19);Vitality (16);inf  Inferno;EPICENTER 2019;BigEvents;S
3;22/12/19;MOUZ (16);Evil Geniuses (14);ovp  Overpass;EPICENTER 2019;BigEvents;S
4;22/12/19;MOUZ (16);Evil Geniuses (12);trn  Train;EPICENTER 2019;BigEvents;S
5;22/12/19;Heroic (12);Vitality (16);inf  Inferno;EPICENTER 2019;BigEvents;S
6;22/12/19;Vitality (16);Heroic (12);vtg  Vertigo;EPICENTER 2019;BigEvents;S
7;21/12/19;Natus Vincere (14);Evil Geniuses (16);d2  Dust2;EPICENTER 2019;BigEvents;S
8;21/12/19;Natus Vincere (10);Evil Geniuses (16);mrg  Mirage;EPICENTER 2019;BigEvents;S
9;21/12/19;forZe (12);Heroic (16);nuke  Nuke;EPICENTER 2019;BigEvents;S
10;21/12/19;Heroic (16);forZe (6);mrg  Mirage;EPICENTER 2019;BigEvents;S
11;19/12/19;Evil Geniuses (10);forZe (16);inf  Inferno;EPICENTER 2019;BigEvents;S
12;19/12/19;forZe (16);Evil Geniuses (1);mrg  Mirage;EPICENTER 2019;BigEvents;S
13;19/12/19;Evil Geniuses (16);forZe (6);nuke  Nuke;EPICENTER 2019;BigEvents;S
14;19/12/19;Heroic (9);Natus Vincere (16);inf  Inferno;EPICENTER 2019;BigEvents;S
15;19/12/19;Heroic (6);Natus Vincere (16);trn  Train;EPICENTER 2019;BigEvents;S
16;19/12/19;Natus Vincere (9);Heroic (16);nuke  Nuke;EPICENTER 2019;BigEvents;S
17;19/12/19;forZe (16);Virtus.pro (10);vtg  Vertigo;EPICENTER 2019;BigEvents;S
18;19/12/19;Virtus.pro (16);forZe (13);inf  Inferno;EPICENTER 2019;BigEvents;S
19;19/12/19;forZe (16);Virtus.pro (3);trn  Train;EPICENTER 2019;BigEvents;S
20;19/12/19;EHOME (1);Heroic (16);nuke  Nuke;EPICENTER 2019;BigEvents;S
21;19/12/19;Heroic (16);EHOME (5);inf  Inferno;EPICENTER 2019;BigEvents;S
22;18/12/19;MOUZ (16);Evil Geniuses (4);inf  Inferno;EPICENTER 2019;BigEvents;S
23;18/12/19;Evil Geniuses (11);MOUZ (16);trn  Train;EPICENTER 2019;BigEvents;S
24;18/12/19;MOUZ (22);Virtus.pro (19);d2  Dust2;EPICENTER 2019;BigEvents;S
25;18/12/19;MOUZ (16);Virtus.pro (11);mrg  Mirage;EPICENTER 2019;BigEvents;S
26;18/12/19;Virtus.pro (16);MOUZ (11);inf  Inferno;EPICENTER 2019;BigEvents;S
27;18/12/19;Evil Geniuses (16);forZe (4);nuke  Nuke;EPICENTER 2019;BigEvents;S
28;18/12/19;forZe (14);Evil Geniuses (16);mrg  Mirage;EPICENTER 2019;BigEvents;S
29;17/12/19;Vitality (16);Natus Vincere (3);nuke  Nuke;EPICENTER 2019;BigEvents;S
30;17/12/19;Vitality (16);Natus Vincere (3);inf  Inferno;EPICENTER 2019;BigEvents;S
31;17/12/19;Natus Vincere (16);Vitality (4);d2  Dust2;EPICENTER 2019;BigEvents;S
32;17/12/19;Natus Vincere (16);Heroic (5);nuke  Nuke;EPICENTER 2019;BigEvents;S
33;17/12/19;Heroic (8);Natus Vincere (16);inf  Inferno;EPICENTER 2019;BigEvents;S
34;17/12/19;EHOME (1);Vitality (16);nuke  Nuke;EPICENTER 2019;BigEvents;S
35;17/12/19;Vitality (16);EHOME (12);inf  Inferno;EPICENTER 2019;BigEvents;S
36;14/12/19;Liquid (12);Astralis (16);nuke  Nuke;BLAST Pro Series Global Final 2019;BigEvents;S
37;14/12/19;Astralis (16);Liquid (11);inf  Inferno;BLAST Pro Series Global Final 2019;BigEvents;S
38;14/12/19;Ninjas in Pyjamas (14);Liquid (16);mrg  Mirage;BLAST Pro Series Global Final 2019;BigEvents;S
39;14/12/19;Liquid (16);Ninjas in Pyjamas (10);ovp  Overpass;BLAST Pro Series Global Final 2019;BigEvents;S
40;13/12/19;Liquid (16);FaZe (10);nuke  Nuke;BLAST Pro Series Global Final 2019;BigEvents;S
41;13/12/19;Liquid (12);FaZe (16);d2  Dust2;BLAST Pro Series Global Final 2019;BigEvents;S
42;13/12/19;FaZe (13);Liquid (16);mrg  Mirage;BLAST Pro Series Global Final 2019;BigEvents;S
43;13/12/19;Ninjas in Pyjamas (8);Astralis (16);nuke  Nuke;BLAST Pro Series Global Final 2019;BigEvents;S
44;13/12/19;Astralis (16);Ninjas in Pyjamas (11);trn  Train;BLAST Pro Series Global Final 2019;BigEvents;S
45;12/12/19;Astralis (16);Liquid (13);inf  Inferno;BLAST Pro Series Global Final 2019;BigEvents;S
46;12/12/19;Liquid (12);Astralis (16);nuke  Nuke;BLAST Pro Series Global Final 2019;BigEvents;S
47;12/12/19;Ninjas in Pyjamas (16);FaZe (7);mrg  Mirage;BLAST Pro Series Global Final 2019;BigEvents;S
48;12/12/19;FaZe (13);Ninjas in Pyjamas (16);vtg  Vertigo;BLAST Pro Series Global Final 2019;BigEvents;S
49;8/12/19;MOUZ (16);fnatic (11);mrg  Mirage;ESL Pro League Season 10 Finals;BigEvents;S
0;8/12/19;fnatic (10);MOUZ (16);trn  Train;ESL Pro League Season 10 Finals;BigEvents;S
1;8/12/19;MOUZ (16);fnatic (11);inf  Inferno;ESL Pro League Season 10 Finals;BigEvents;S
2;7/12/19;MOUZ (16);Astralis (14);d2  Dust2;ESL Pro League Season 10 Finals;BigEvents;S
3;7/12/19;MOUZ (9);Astralis (16);ovp  Overpass;ESL Pro League Season 10 Finals;BigEvents;S
4;7/12/19;Astralis (19);MOUZ (22);trn  Train;ESL Pro League Season 10 Finals;BigEvents;S
5;7/12/19;Natus Vincere (6);fnatic (16);ovp  Overpass;ESL Pro League Season 10 Finals;BigEvents;S
6;7/12/19;fnatic (16);Natus Vincere (11);nuke  Nuke;ESL Pro League Season 10 Finals;BigEvents;S
7;7/12/19;Natus Vincere (16);fnatic (14);inf  Inferno;ESL Pro League Season 10 Finals;BigEvents;S
8;6/12/19;MOUZ (16);Evil Geniuses (0);nuke  Nuke;ESL Pro League Season 10 Finals;BigEvents;S
9;6/12/19;MOUZ (17);Evil Geniuses (19);inf  Inferno;ESL Pro League Season 10 Finals;BigEvents;S
10;6/12/19;Evil Geniuses (6);MOUZ (16);trn  Train;ESL Pro League Season 10 Finals;BigEvents;S
11;6/12/19;fnatic (16);Liquid (8);inf  Inferno;ESL Pro League Season 10 Finals;BigEvents;S
12;6/12/19;Liquid (11);fnatic (16);ovp  Overpass;ESL Pro League Season 10 Finals;BigEvents;S
13;5/12/19;ATK (6);MOUZ (16);d2  Dust2;ESL Pro League Season 10 Finals;BigEvents;S
14;5/12/19;MOUZ (16);ATK (5);vtg  Vertigo;ESL Pro League Season 10 Finals;BigEvents;S
15;5/12/19;Astralis (16);Liquid (13);d2  Dust2;ESL Pro League Season 10 Finals;BigEvents;S
16;5/12/19;Liquid (7);Astralis (16);nuke  Nuke;ESL Pro League Season 10 Finals;BigEvents;S
17;5/12/19;Astralis (14);Liquid (16);inf  Inferno;ESL Pro League Season 10 Finals;BigEvents;S
18;5/12/19;fnatic (16);100 Thieves (5);mrg  Mirage;ESL Pro League Season 10 Finals;BigEvents;S
19;5/12/19;100 Thieves (13);fnatic (16);trn  Train;ESL Pro League Season 10 Finals;BigEvents;S
20;5/12/19;Natus Vincere (16);Evil Geniuses (11);nuke  Nuke;ESL Pro League Season 10 Finals;BigEvents;S
21;5/12/19;Evil Geniuses (5);Natus Vincere (16);d2  Dust2;ESL Pro League Season 10 Finals;BigEvents;S
22;5/12/19;Natus Vincere (12);Evil Geniuses (16);mrg  Mirage;ESL Pro League Season 10 Finals;BigEvents;S
23;5/12/19;Renegades (7);MOUZ (16);inf  Inferno;ESL Pro League Season 10 Finals;BigEvents;S
24;5/12/19;Renegades (8);MOUZ (16);trn  Train;ESL Pro League Season 10 Finals;BigEvents;S
25;5/12/19;MOUZ (14);Renegades (16);nuke  Nuke;ESL Pro League Season 10 Finals;BigEvents;S
26;5/12/19;G2 (6);ATK (16);inf  Inferno;ESL Pro League Season 10 Finals;BigEvents;S
27;5/12/19;ATK (16);G2 (13);trn  Train;ESL Pro League Season 10 Finals;BigEvents;S
28;5/12/19;ATK (4);G2 (16);vtg  Vertigo;ESL Pro League Season 10 Finals;BigEvents;S
29;4/12/19;fnatic (16);MIBR (11);vtg  Vertigo;ESL Pro League Season 10 Finals;BigEvents;S
30;4/12/19;fnatic (16);MIBR (19);d2  Dust2;ESL Pro League Season 10 Finals;BigEvents;S
31;4/12/19;MIBR (10);fnatic (16);inf  Inferno;ESL Pro League Season 10 Finals;BigEvents;S
32;4/12/19;Liquid (16);MOUZ (14);d2  Dust2;ESL Pro League Season 10 Finals;BigEvents;S
33;4/12/19;MOUZ (16);Liquid (12);vtg  Vertigo;ESL Pro League Season 10 Finals;BigEvents;S
34;4/12/19;Liquid (16);MOUZ (5);nuke  Nuke;ESL Pro League Season 10 Finals;BigEvents;S
35;4/12/19;FaZe (7);100 Thieves (16);mrg  Mirage;ESL Pro League Season 10 Finals;BigEvents;S
36;4/12/19;100 Thieves (12);FaZe (16);d2  Dust2;ESL Pro League Season 10 Finals;BigEvents;S
37;4/12/19;FaZe (11);100 Thieves (16);inf  Inferno;ESL Pro League Season 10 Finals;BigEvents;S
38;4/12/19;G2 (14);Astralis (16);trn  Train;ESL Pro League Season 10 Finals;BigEvents;S
39;4/12/19;G2 (15);Astralis (19);inf  Inferno;ESL Pro League Season 10 Finals;BigEvents;S
40;4/12/19;Astralis (13);G2 (16);d2  Dust2;ESL Pro League Season 10 Finals;BigEvents;S
41;4/12/19;Renegades (16);Sharks (12);nuke  Nuke;ESL Pro League Season 10 Finals;BigEvents;S
42;4/12/19;Renegades (16);Sharks (5);mrg  Mirage;ESL Pro League Season 10 Finals;BigEvents;S
43;4/12/19;Sharks (16);Renegades (7);d2  Dust2;ESL Pro League Season 10 Finals;BigEvents;S
44;4/12/19;North (8);ATK (16);vtg  Vertigo;ESL Pro League Season 10 Finals;BigEvents;S
45;4/12/19;ATK (16);North (9);ovp  Overpass;ESL Pro League Season 10 Finals;BigEvents;S
46;3/12/19;Heroic (13);fnatic (16);ovp  Overpass;ESL Pro League Season 10 Finals;BigEvents;S
47;3/12/19;fnatic (16);Heroic (13);vtg  Vertigo;ESL Pro League Season 10 Finals;BigEvents;S
48;3/12/19;Heroic (16);fnatic (9);inf  Inferno;ESL Pro League Season 10 Finals;BigEvents;S
49;3/12/19;100 Thieves (10);Evil Geniuses (16);nuke  Nuke;ESL Pro League Season 10 Finals;BigEvents;S
0;3/12/19;Evil Geniuses (16);100 Thieves (8);mrg  Mirage;ESL Pro League Season 10 Finals;BigEvents;S
1;3/12/19;Liquid (16);North (12);vtg  Vertigo;ESL Pro League Season 10 Finals;BigEvents;S
2;3/12/19;FaZe (16);TYLOO (7);mrg  Mirage;ESL Pro League Season 10 Finals;BigEvents;S
3;3/12/19;TYLOO (5);FaZe (16);d2  Dust2;ESL Pro League Season 10 Finals;BigEvents;S
4;3/12/19;FaZe (7);TYLOO (16);inf  Inferno;ESL Pro League Season 10 Finals;BigEvents;S
5;3/12/19;MIBR (4);Natus Vincere (16);d2  Dust2;ESL Pro League Season 10 Finals;BigEvents;S
6;3/12/19;Natus Vincere (16);MIBR (9);trn  Train;ESL Pro League Season 10 Finals;BigEvents;S
7;3/12/19;ATK (9);MOUZ (16);nuke  Nuke;ESL Pro League Season 10 Finals;BigEvents;S
8;3/12/19;Renegades (8);Astralis (16);inf  Inferno;ESL Pro League Season 10 Finals;BigEvents;S
9;3/12/19;G2 (16);Sharks (13);inf  Inferno;ESL Pro League Season 10 Finals;BigEvents;S
10;3/12/19;Evil Geniuses (16);fnatic (3);mrg  Mirage;ESL Pro League Season 10 Finals;BigEvents;S
11;3/12/19;Heroic (8);100 Thieves (16);vtg  Vertigo;ESL Pro League Season 10 Finals;BigEvents;S
12;3/12/19;FaZe (12);MIBR (16);mrg  Mirage;ESL Pro League Season 10 Finals;BigEvents;S
13;3/12/19;Natus Vincere (16);TYLOO (6);d2  Dust2;ESL Pro League Season 10 Finals;BigEvents;S
14;1/12/19;Liquid (8);Astralis (16);d2  Dust2;ECS Season 8 Finals;BigEvents;S
15;1/12/19;Liquid (11);Astralis (16);nuke  Nuke;ECS Season 8 Finals;BigEvents;S
16;1/12/19;Liquid (19);Astralis (15);vtg  Vertigo;ECS Season 8 Finals;BigEvents;S
17;1/12/19;fnatic (10);Liquid (16);mrg  Mirage;ECS Season 8 Finals;BigEvents;S
18;1/12/19;Liquid (16);fnatic (6);inf  Inferno;ECS Season 8 Finals;BigEvents;S
19;1/12/19;fnatic (16);Liquid (6);ovp  Overpass;ECS Season 8 Finals;BigEvents;S
20;30/11/19;Evil Geniuses (6);Astralis (16);ovp  Overpass;ECS Season 8 Finals;BigEvents;S
21;30/11/19;Astralis (13);Evil Geniuses (16);nuke  Nuke;ECS Season 8 Finals;BigEvents;S
22;30/11/19;Evil Geniuses (8);Astralis (16);inf  Inferno;ECS Season 8 Finals;BigEvents;S
23;30/11/19;MIBR (13);fnatic (16);inf  Inferno;ECS Season 8 Finals;BigEvents;S
24;30/11/19;fnatic (16);MIBR (9);vtg  Vertigo;ECS Season 8 Finals;BigEvents;S
25;29/11/19;Ninjas in Pyjamas (12);Evil Geniuses (16);inf  Inferno;ECS Season 8 Finals;BigEvents;S
26;29/11/19;Ninjas in Pyjamas (14);Evil Geniuses (16);nuke  Nuke;ECS Season 8 Finals;BigEvents;S
27;29/11/19;Ninjas in Pyjamas (16);Evil Geniuses (11);trn  Train;ECS Season 8 Finals;BigEvents;S
28;29/11/19;MIBR (16);Sharks (7);trn  Train;ECS Season 8 Finals;BigEvents;S
29;29/11/19;Sharks (13);MIBR (16);vtg  Vertigo;ECS Season 8 Finals;BigEvents;S
30;29/11/19;Ninjas in Pyjamas (16);AVANGAR (6);ovp  Overpass;ECS Season 8 Finals;BigEvents;S
31;29/11/19;AVANGAR (12);Ninjas in Pyjamas (16);trn  Train;ECS Season 8 Finals;BigEvents;S
32;29/11/19;fnatic (14);Astralis (16);inf  Inferno;ECS Season 8 Finals;BigEvents;S
33;29/11/19;fnatic (6);Astralis (16);nuke  Nuke;ECS Season 8 Finals;BigEvents;S
34;28/11/19;Liquid (16);Evil Geniuses (14);d2  Dust2;ECS Season 8 Finals;BigEvents;S
35;28/11/19;Liquid (16);Evil Geniuses (4);inf  Inferno;ECS Season 8 Finals;BigEvents;S
36;28/11/19;fnatic (16);MIBR (9);inf  Inferno;ECS Season 8 Finals;BigEvents;S
37;28/11/19;Astralis (19);Sharks (15);nuke  Nuke;ECS Season 8 Finals;BigEvents;S
38;28/11/19;Liquid (16);Ninjas in Pyjamas (4);mrg  Mirage;ECS Season 8 Finals;BigEvents;S
39;28/11/19;Evil Geniuses (16);AVANGAR (10);d2  Dust2;ECS Season 8 Finals;BigEvents;S
40;10/11/19;Astralis (16);100 Thieves (3);trn  Train;IEM Beijing 2019;BigEvents;S
41;10/11/19;100 Thieves (5);Astralis (16);nuke  Nuke;IEM Beijing 2019;BigEvents;S
42;10/11/19;Astralis (16);100 Thieves (14);vtg  Vertigo;IEM Beijing 2019;BigEvents;S
43;9/11/19;FaZe (2);Astralis (16);nuke  Nuke;IEM Beijing 2019;BigEvents;S
44;9/11/19;Astralis (16);FaZe (0);d2  Dust2;IEM Beijing 2019;BigEvents;S
45;9/11/19;100 Thieves (16);Vitality (2);inf  Inferno;IEM Beijing 2019;BigEvents;S
46;9/11/19;100 Thieves (16);Vitality (14);nuke  Nuke;IEM Beijing 2019;BigEvents;S
47;9/11/19;Vitality (16);100 Thieves (8);mrg  Mirage;IEM Beijing 2019;BigEvents;S
48;8/11/19;FaZe (19);Evil Geniuses (16);d2  Dust2;IEM Beijing 2019;BigEvents;S
49;8/11/19;FaZe (14);Evil Geniuses (16);inf  Inferno;IEM Beijing 2019;BigEvents;S
0;8/11/19;Evil Geniuses (12);FaZe (16);nuke  Nuke;IEM Beijing 2019;BigEvents;S
1;8/11/19;100 Thieves (16);ENCE (7);nuke  Nuke;IEM Beijing 2019;BigEvents;S
2;8/11/19;ENCE (9);100 Thieves (16);inf  Inferno;IEM Beijing 2019;BigEvents;S
3;8/11/19;Vitality (16);FaZe (3);inf  Inferno;IEM Beijing 2019;BigEvents;S
4;8/11/19;FaZe (16);Vitality (6);ovp  Overpass;IEM Beijing 2019;BigEvents;S
5;8/11/19;Vitality (16);FaZe (9);nuke  Nuke;IEM Beijing 2019;BigEvents;S
6;8/11/19;TYLOO (9);Evil Geniuses (16);inf  Inferno;IEM Beijing 2019;BigEvents;S
7;8/11/19;Evil Geniuses (16);TYLOO (12);mrg  Mirage;IEM Beijing 2019;BigEvents;S
8;7/11/19;ViCi (7);ENCE (16);mrg  Mirage;IEM Beijing 2019;BigEvents;S
9;7/11/19;ViCi (13);ENCE (16);trn  Train;IEM Beijing 2019;BigEvents;S
10;7/11/19;ENCE (13);ViCi (16);inf  Inferno;IEM Beijing 2019;BigEvents;S
11;7/11/19;100 Thieves (9);Astralis (16);nuke  Nuke;IEM Beijing 2019;BigEvents;S
12;7/11/19;Astralis (16);100 Thieves (10);inf  Inferno;IEM Beijing 2019;BigEvents;S
13;7/11/19;FaZe (16);Evil Geniuses (6);d2  Dust2;IEM Beijing 2019;BigEvents;S
14;7/11/19;Evil Geniuses (7);FaZe (16);nuke  Nuke;IEM Beijing 2019;BigEvents;S
15;7/11/19;TYLOO (6);Vitality (16);d2  Dust2;IEM Beijing 2019;BigEvents;S
16;7/11/19;Vitality (16);TYLOO (7);inf  Inferno;IEM Beijing 2019;BigEvents;S
17;7/11/19;ViCi (4);Astralis (16);nuke  Nuke;IEM Beijing 2019;BigEvents;S
18;7/11/19;Astralis (16);ViCi (5);inf  Inferno;IEM Beijing 2019;BigEvents;S
19;7/11/19;100 Thieves (16);ENCE (13);trn  Train;IEM Beijing 2019;BigEvents;S
20;7/11/19;ENCE (3);100 Thieves (16);inf  Inferno;IEM Beijing 2019;BigEvents;S
21;2/11/19;FaZe (16);Ninjas in Pyjamas (12);d2  Dust2;BLAST Pro Series Copenhagen 2019;BigEvents;S
22;2/11/19;FaZe (19);Ninjas in Pyjamas (17);nuke  Nuke;BLAST Pro Series Copenhagen 2019;BigEvents;S
23;2/11/19;Natus Vincere (16);Ninjas in Pyjamas (10);nuke  Nuke;BLAST Pro Series Copenhagen 2019;BigEvents;S
24;2/11/19;Liquid (16);FaZe (5);inf  Inferno;BLAST Pro Series Copenhagen 2019;BigEvents;S
25;2/11/19;Astralis (16);Cloud9 (3);nuke  Nuke;BLAST Pro Series Copenhagen 2019;BigEvents;S
26;2/11/19;Astralis (15);Natus Vincere (15);nuke  Nuke;BLAST Pro Series Copenhagen 2019;BigEvents;S
27;2/11/19;Cloud9 (14);FaZe (16);inf  Inferno;BLAST Pro Series Copenhagen 2019;BigEvents;S
28;2/11/19;Ninjas in Pyjamas (16);Liquid (11);mrg  Mirage;BLAST Pro Series Copenhagen 2019;BigEvents;S
29;2/11/19;Cloud9 (15);Natus Vincere (15);trn  Train;BLAST Pro Series Copenhagen 2019;BigEvents;S
30;2/11/19;Ninjas in Pyjamas (3);FaZe (16);d2  Dust2;BLAST Pro Series Copenhagen 2019;BigEvents;S
31;2/11/19;Astralis (16);Liquid (10);nuke  Nuke;BLAST Pro Series Copenhagen 2019;BigEvents;S
32;1/11/19;Natus Vincere (9);FaZe (16);nuke  Nuke;BLAST Pro Series Copenhagen 2019;BigEvents;S
33;1/11/19;Ninjas in Pyjamas (16);Astralis (7);ovp  Overpass;BLAST Pro Series Copenhagen 2019;BigEvents;S
34;1/11/19;Liquid (16);Cloud9 (4);inf  Inferno;BLAST Pro Series Copenhagen 2019;BigEvents;S
35;1/11/19;Natus Vincere (16);Liquid (14);d2  Dust2;BLAST Pro Series Copenhagen 2019;BigEvents;S
36;1/11/19;Ninjas in Pyjamas (16);Cloud9 (6);ovp  Overpass;BLAST Pro Series Copenhagen 2019;BigEvents;S
37;1/11/19;FaZe (16);Astralis (2);inf  Inferno;BLAST Pro Series Copenhagen 2019;BigEvents;S
38;27/10/19;Evil Geniuses (16);fnatic (9);mrg  Mirage;StarSeries i-League Season 8;BigEvents;S
39;27/10/19;Evil Geniuses (16);fnatic (12);d2  Dust2;StarSeries i-League Season 8;BigEvents;S
40;27/10/19;FURIA (15);fnatic (19);mrg  Mirage;StarSeries i-League Season 8;BigEvents;S
41;27/10/19;fnatic (16);FURIA (14);nuke  Nuke;StarSeries i-League Season 8;BigEvents;S
42;27/10/19;FURIA (16);fnatic (11);inf  Inferno;StarSeries i-League Season 8;BigEvents;S
43;26/10/19;FURIA (16);Renegades (11);mrg  Mirage;StarSeries i-League Season 8;BigEvents;S
44;26/10/19;FURIA (16);Renegades (9);nuke  Nuke;StarSeries i-League Season 8;BigEvents;S
45;26/10/19;Evil Geniuses (16);fnatic (13);inf  Inferno;StarSeries i-League Season 8;BigEvents;S
46;26/10/19;Evil Geniuses (16);fnatic (10);d2  Dust2;StarSeries i-League Season 8;BigEvents;S
47;26/10/19;fnatic (16);Evil Geniuses (2);mrg  Mirage;StarSeries i-League Season 8;BigEvents;S
48;26/10/19;Renegades (16);MIBR (5);mrg  Mirage;StarSeries i-League Season 8;BigEvents;S
49;26/10/19;MIBR (16);Renegades (5);trn  Train;StarSeries i-League Season 8;BigEvents;S
0;26/10/19;MIBR (6);Renegades (16);inf  Inferno;StarSeries i-League Season 8;BigEvents;S
1;26/10/19;FURIA (16);G2 (14);mrg  Mirage;StarSeries i-League Season 8;BigEvents;S
2;26/10/19;FURIA (16);G2 (14);vtg  Vertigo;StarSeries i-League Season 8;BigEvents;S
3;25/10/19;Evil Geniuses (16);Renegades (12);mrg  Mirage;StarSeries i-League Season 8;BigEvents;S
4;25/10/19;Renegades (5);Evil Geniuses (16);inf  Inferno;StarSeries i-League Season 8;BigEvents;S
5;25/10/19;fnatic (16);G2 (12);mrg  Mirage;StarSeries i-League Season 8;BigEvents;S
6;25/10/19;G2 (16);fnatic (14);d2  Dust2;StarSeries i-League Season 8;BigEvents;S
7;25/10/19;fnatic (16);G2 (11);ovp  Overpass;StarSeries i-League Season 8;BigEvents;S
8;25/10/19;MIBR (16);Ninjas in Pyjamas (12);mrg  Mirage;StarSeries i-League Season 8;BigEvents;S
9;25/10/19;Ninjas in Pyjamas (16);MIBR (7);inf  Inferno;StarSeries i-League Season 8;BigEvents;S
10;25/10/19;Ninjas in Pyjamas (9);MIBR (16);trn  Train;StarSeries i-League Season 8;BigEvents;S
11;25/10/19;Vitality (9);FURIA (16);nuke  Nuke;StarSeries i-League Season 8;BigEvents;S
12;25/10/19;FURIA (16);Vitality (5);mrg  Mirage;StarSeries i-League Season 8;BigEvents;S
13;24/10/19;Evil Geniuses (16);Ninjas in Pyjamas (9);d2  Dust2;StarSeries i-League Season 8;BigEvents;S
14;24/10/19;Ninjas in Pyjamas (11);Evil Geniuses (16);inf  Inferno;StarSeries i-League Season 8;BigEvents;S
15;24/10/19;fnatic (16);Vitality (12);nuke  Nuke;StarSeries i-League Season 8;BigEvents;S
16;24/10/19;fnatic (16);Vitality (7);inf  Inferno;StarSeries i-League Season 8;BigEvents;S
17;24/10/19;G2 (16);Ninjas in Pyjamas (10);ovp  Overpass;StarSeries i-League Season 8;BigEvents;S
18;24/10/19;G2 (16);Ninjas in Pyjamas (12);d2  Dust2;StarSeries i-League Season 8;BigEvents;S
19;24/10/19;Evil Geniuses (16);FURIA (13);trn  Train;StarSeries i-League Season 8;BigEvents;S
20;24/10/19;Evil Geniuses (16);FURIA (12);mrg  Mirage;StarSeries i-League Season 8;BigEvents;S
21;24/10/19;fnatic (16);MIBR (10);mrg  Mirage;StarSeries i-League Season 8;BigEvents;S
22;24/10/19;MIBR (10);fnatic (16);inf  Inferno;StarSeries i-League Season 8;BigEvents;S
23;24/10/19;Renegades (16);Vitality (12);nuke  Nuke;StarSeries i-League Season 8;BigEvents;S
24;24/10/19;Renegades (16);Vitality (2);mrg  Mirage;StarSeries i-League Season 8;BigEvents;S
25;23/10/19;Evil Geniuses (16);Heroic (10);nuke  Nuke;StarSeries i-League Season 8;BigEvents;S
26;23/10/19;Evil Geniuses (16);Heroic (7);ovp  Overpass;StarSeries i-League Season 8;BigEvents;S
27;23/10/19;Evil Geniuses (17);Heroic (19);inf  Inferno;StarSeries i-League Season 8;BigEvents;S
28;23/10/19;AVANGAR (13);FURIA (16);ovp  Overpass;StarSeries i-League Season 8;BigEvents;S
29;23/10/19;AVANGAR (16);FURIA (13);mrg  Mirage;StarSeries i-League Season 8;BigEvents;S
30;23/10/19;FURIA (16);AVANGAR (12);inf  Inferno;StarSeries i-League Season 8;BigEvents;S
31;23/10/19;MOUZ (12);fnatic (16);inf  Inferno;StarSeries i-League Season 8;BigEvents;S
32;23/10/19;fnatic (19);MOUZ (17);trn  Train;StarSeries i-League Season 8;BigEvents;S
33;23/10/19;MIBR (16);North (14);ovp  Overpass;StarSeries i-League Season 8;BigEvents;S
34;23/10/19;MIBR (16);North (9);mrg  Mirage;StarSeries i-League Season 8;BigEvents;S
35;23/10/19;5POWER (7);FURIA (16);mrg  Mirage;StarSeries i-League Season 8;BigEvents;S
36;23/10/19;FURIA (16);5POWER (1);inf  Inferno;StarSeries i-League Season 8;BigEvents;S
37;23/10/19;Heroic (16);Natus Vincere (11);nuke  Nuke;StarSeries i-League Season 8;BigEvents;S
38;23/10/19;Heroic (16);Natus Vincere (14);trn  Train;StarSeries i-League Season 8;BigEvents;S
39;23/10/19;MOUZ (16);Invictus (14);trn  Train;StarSeries i-League Season 8;BigEvents;S
40;23/10/19;MOUZ (16);Invictus (14);d2  Dust2;StarSeries i-League Season 8;BigEvents;S
41;23/10/19;MIBR (16);Imperial (13);trn  Train;StarSeries i-League Season 8;BigEvents;S
42;23/10/19;MIBR (16);Imperial (4);inf  Inferno;StarSeries i-League Season 8;BigEvents;S
43;22/10/19;G2 (19);AVANGAR (16);trn  Train;StarSeries i-League Season 8;BigEvents;S
44;22/10/19;G2 (16);AVANGAR (11);vtg  Vertigo;StarSeries i-League Season 8;BigEvents;S
45;22/10/19;Evil Geniuses (4);Ninjas in Pyjamas (16);inf  Inferno;StarSeries i-League Season 8;BigEvents;S
46;22/10/19;Evil Geniuses (16);Ninjas in Pyjamas (14);nuke  Nuke;StarSeries i-League Season 8;BigEvents;S
47;22/10/19;Ninjas in Pyjamas (16);Evil Geniuses (4);d2  Dust2;StarSeries i-League Season 8;BigEvents;S
48;22/10/19;G2 (16);Natus Vincere (11);nuke  Nuke;StarSeries i-League Season 8;BigEvents;S
49;22/10/19;G2 (13);Natus Vincere (16);ovp  Overpass;StarSeries i-League Season 8;BigEvents;S
0;22/10/19;Natus Vincere (20);G2 (22);d2  Dust2;StarSeries i-League Season 8;BigEvents;S
1;22/10/19;Heroic (15);AVANGAR (19);ovp  Overpass;StarSeries i-League Season 8;BigEvents;S
2;22/10/19;Heroic (9);AVANGAR (16);trn  Train;StarSeries i-League Season 8;BigEvents;S
3;22/10/19;FURIA (5);Ninjas in Pyjamas (16);nuke  Nuke;StarSeries i-League Season 8;BigEvents;S
4;22/10/19;Ninjas in Pyjamas (16);FURIA (13);trn  Train;StarSeries i-League Season 8;BigEvents;S
5;22/10/19;5POWER (10);Evil Geniuses (16);d2  Dust2;StarSeries i-League Season 8;BigEvents;S
6;22/10/19;5POWER (8);Evil Geniuses (16);inf  Inferno;StarSeries i-League Season 8;BigEvents;S
7;21/10/19;fnatic (13);Renegades (16);inf  Inferno;StarSeries i-League Season 8;BigEvents;S
8;21/10/19;fnatic (9);Renegades (16);mrg  Mirage;StarSeries i-League Season 8;BigEvents;S
9;21/10/19;North (6);Vitality (16);nuke  Nuke;StarSeries i-League Season 8;BigEvents;S
10;21/10/19;Vitality (12);North (16);d2  Dust2;StarSeries i-League Season 8;BigEvents;S
11;21/10/19;North (8);Vitality (16);inf  Inferno;StarSeries i-League Season 8;BigEvents;S
12;21/10/19;Renegades (22);MIBR (20);mrg  Mirage;StarSeries i-League Season 8;BigEvents;S
13;21/10/19;Renegades (16);MIBR (12);d2  Dust2;StarSeries i-League Season 8;BigEvents;S
14;21/10/19;MIBR (19);Renegades (16);inf  Inferno;StarSeries i-League Season 8;BigEvents;S
15;21/10/19;Imperial (14);fnatic (16);inf  Inferno;StarSeries i-League Season 8;BigEvents;S
16;21/10/19;Imperial (7);fnatic (16);trn  Train;StarSeries i-League Season 8;BigEvents;S
17;21/10/19;MOUZ (9);North (16);trn  Train;StarSeries i-League Season 8;BigEvents;S
18;21/10/19;MOUZ (16);North (5);nuke  Nuke;StarSeries i-League Season 8;BigEvents;S
19;21/10/19;North (16);MOUZ (11);mrg  Mirage;StarSeries i-League Season 8;BigEvents;S
20;21/10/19;Invictus (3);Vitality (16);mrg  Mirage;StarSeries i-League Season 8;BigEvents;S
21;21/10/19;Invictus (3);Vitality (16);nuke  Nuke;StarSeries i-League Season 8;BigEvents;S
22;6/10/19;Vitality (13);fnatic (16);mrg  Mirage;DreamHack Masters Malmö 2019;BigEvents;S
23;6/10/19;Vitality (16);fnatic (19);inf  Inferno;DreamHack Masters Malmö 2019;BigEvents;S
24;6/10/19;fnatic (14);Vitality (16);d2  Dust2;DreamHack Masters Malmö 2019;BigEvents;S
25;5/10/19;Natus Vincere (11);Vitality (16);d2  Dust2;DreamHack Masters Malmö 2019;BigEvents;S
26;5/10/19;Vitality (16);Natus Vincere (4);ovp  Overpass;DreamHack Masters Malmö 2019;BigEvents;S
27;5/10/19;Natus Vincere (16);Vitality (6);nuke  Nuke;DreamHack Masters Malmö 2019;BigEvents;S
28;5/10/19;fnatic (25);Astralis (23);nuke  Nuke;DreamHack Masters Malmö 2019;BigEvents;S
29;5/10/19;Astralis (9);fnatic (16);ovp  Overpass;DreamHack Masters Malmö 2019;BigEvents;S
30;4/10/19;Vitality (16);MOUZ (13);d2  Dust2;DreamHack Masters Malmö 2019;BigEvents;S
31;4/10/19;MOUZ (16);Vitality (12);inf  Inferno;DreamHack Masters Malmö 2019;BigEvents;S
32;4/10/19;Vitality (16);MOUZ (14);mrg  Mirage;DreamHack Masters Malmö 2019;BigEvents;S
33;4/10/19;Ninjas in Pyjamas (9);fnatic (16);ovp  Overpass;DreamHack Masters Malmö 2019;BigEvents;S
34;4/10/19;fnatic (8);Ninjas in Pyjamas (16);nuke  Nuke;DreamHack Masters Malmö 2019;BigEvents;S
35;4/10/19;fnatic (16);Ninjas in Pyjamas (12);d2  Dust2;DreamHack Masters Malmö 2019;BigEvents;S
36;3/10/19;Grayhound (5);MOUZ (16);mrg  Mirage;DreamHack Masters Malmö 2019;BigEvents;S
37;3/10/19;MOUZ (11);Grayhound (16);inf  Inferno;DreamHack Masters Malmö 2019;BigEvents;S
38;3/10/19;Grayhound (2);MOUZ (16);d2  Dust2;DreamHack Masters Malmö 2019;BigEvents;S
39;3/10/19;Natus Vincere (16);Ninjas in Pyjamas (13);inf  Inferno;DreamHack Masters Malmö 2019;BigEvents;S
40;3/10/19;Ninjas in Pyjamas (8);Natus Vincere (16);ovp  Overpass;DreamHack Masters Malmö 2019;BigEvents;S
41;3/10/19;Astralis (16);Vitality (14);d2  Dust2;DreamHack Masters Malmö 2019;BigEvents;S
42;3/10/19;Vitality (5);Astralis (16);vtg  Vertigo;DreamHack Masters Malmö 2019;BigEvents;S
43;3/10/19;FURIA (5);fnatic (16);inf  Inferno;DreamHack Masters Malmö 2019;BigEvents;S
44;3/10/19;fnatic (34);FURIA (32);ovp  Overpass;DreamHack Masters Malmö 2019;BigEvents;S
45;3/10/19;MOUZ (16);OpTic (13);nuke  Nuke;DreamHack Masters Malmö 2019;BigEvents;S
46;3/10/19;OpTic (10);MOUZ (16);mrg  Mirage;DreamHack Masters Malmö 2019;BigEvents;S
47;3/10/19;Liquid (10);Grayhound (16);nuke  Nuke;DreamHack Masters Malmö 2019;BigEvents;S
48;3/10/19;Grayhound (16);Liquid (13);mrg  Mirage;DreamHack Masters Malmö 2019;BigEvents;S
49;2/10/19;Grayhound (8);Ninjas in Pyjamas (16);ovp  Overpass;DreamHack Masters Malmö 2019;BigEvents;S
0;2/10/19;Ninjas in Pyjamas (16);Grayhound (14);mrg  Mirage;DreamHack Masters Malmö 2019;BigEvents;S
1;2/10/19;fnatic (16);G2 (5);trn  Train;DreamHack Masters Malmö 2019;BigEvents;S
2;2/10/19;G2 (4);fnatic (16);inf  Inferno;DreamHack Masters Malmö 2019;BigEvents;S
3;2/10/19;FURIA (16);ENCE (9);trn  Train;DreamHack Masters Malmö 2019;BigEvents;S
4;2/10/19;ENCE (13);FURIA (16);mrg  Mirage;DreamHack Masters Malmö 2019;BigEvents;S
5;2/10/19;Natus Vincere (16);OpTic (12);nuke  Nuke;DreamHack Masters Malmö 2019;BigEvents;S
6;2/10/19;OpTic (8);Natus Vincere (16);d2  Dust2;DreamHack Masters Malmö 2019;BigEvents;S
7;2/10/19;Liquid (16);North (6);d2  Dust2;DreamHack Masters Malmö 2019;BigEvents;S
8;2/10/19;North (10);Liquid (16);mrg  Mirage;DreamHack Masters Malmö 2019;BigEvents;S
9;2/10/19;Liquid (14);North (16);inf  Inferno;DreamHack Masters Malmö 2019;BigEvents;S
10;2/10/19;MOUZ (22);Evil Geniuses (20);trn  Train;DreamHack Masters Malmö 2019;BigEvents;S
11;2/10/19;Evil Geniuses (10);MOUZ (16);mrg  Mirage;DreamHack Masters Malmö 2019;BigEvents;S
12;1/10/19;fnatic (16);TYLOO (10);d2  Dust2;DreamHack Masters Malmö 2019;BigEvents;S
13;1/10/19;TYLOO (2);fnatic (16);mrg  Mirage;DreamHack Masters Malmö 2019;BigEvents;S
14;1/10/19;fnatic (13);TYLOO (16);inf  Inferno;DreamHack Masters Malmö 2019;BigEvents;S
15;1/10/19;Vitality (16);ENCE (10);d2  Dust2;DreamHack Masters Malmö 2019;BigEvents;S
16;1/10/19;Vitality (11);ENCE (16);nuke  Nuke;DreamHack Masters Malmö 2019;BigEvents;S
17;1/10/19;ENCE (14);Vitality (16);inf  Inferno;DreamHack Masters Malmö 2019;BigEvents;S
18;1/10/19;Envy (9);FURIA (16);mrg  Mirage;DreamHack Masters Malmö 2019;BigEvents;S
19;1/10/19;FURIA (10);Envy (16);nuke  Nuke;DreamHack Masters Malmö 2019;BigEvents;S
20;1/10/19;Envy (8);FURIA (16);vtg  Vertigo;DreamHack Masters Malmö 2019;BigEvents;S
21;1/10/19;Astralis (16);G2 (7);d2  Dust2;DreamHack Masters Malmö 2019;BigEvents;S
22;1/10/19;G2 (16);Astralis (19);nuke  Nuke;DreamHack Masters Malmö 2019;BigEvents;S
23;1/10/19;Grayhound (16);Evil Geniuses (10);nuke  Nuke;DreamHack Masters Malmö 2019;BigEvents;S
24;1/10/19;MOUZ (9);Ninjas in Pyjamas (16);inf  Inferno;DreamHack Masters Malmö 2019;BigEvents;S
25;1/10/19;OpTic (16);Liquid (9);ovp  Overpass;DreamHack Masters Malmö 2019;BigEvents;S
26;1/10/19;North (8);Natus Vincere (16);ovp  Overpass;DreamHack Masters Malmö 2019;BigEvents;S
27;1/10/19;Vitality (16);TYLOO (7);inf  Inferno;DreamHack Masters Malmö 2019;BigEvents;S
28;1/10/19;fnatic (7);ENCE (16);mrg  Mirage;DreamHack Masters Malmö 2019;BigEvents;S
29;1/10/19;G2 (16);FURIA (14);trn  Train;DreamHack Masters Malmö 2019;BigEvents;S
30;1/10/19;Envy (7);Astralis (16);trn  Train;DreamHack Masters Malmö 2019;BigEvents;S
31;29/9/19;Astralis (8);Evil Geniuses (16);nuke  Nuke;ESL One New York 2019;BigEvents;S
32;29/9/19;Evil Geniuses (20);Astralis (22);trn  Train;ESL One New York 2019;BigEvents;S
33;29/9/19;Astralis (12);Evil Geniuses (16);d2  Dust2;ESL One New York 2019;BigEvents;S
34;29/9/19;Evil Geniuses (16);Astralis (3);inf  Inferno;ESL One New York 2019;BigEvents;S
35;29/9/19;G2 (7);Evil Geniuses (16);nuke  Nuke;ESL One New York 2019;BigEvents;S
36;29/9/19;G2 (8);Evil Geniuses (16);d2  Dust2;ESL One New York 2019;BigEvents;S
37;28/9/19;Liquid (13);Astralis (16);ovp  Overpass;ESL One New York 2019;BigEvents;S
38;28/9/19;Astralis (9);Liquid (16);d2  Dust2;ESL One New York 2019;BigEvents;S
39;28/9/19;Liquid (9);Astralis (16);vtg  Vertigo;ESL One New York 2019;BigEvents;S
40;28/9/19;OpTic (7);Astralis (16);d2  Dust2;ESL One New York 2019;BigEvents;S
41;28/9/19;Astralis (16);OpTic (6);nuke  Nuke;ESL One New York 2019;BigEvents;S
42;27/9/19;ENCE (11);G2 (16);ovp  Overpass;ESL One New York 2019;BigEvents;S
43;27/9/19;G2 (11);ENCE (16);nuke  Nuke;ESL One New York 2019;BigEvents;S
44;27/9/19;ENCE (17);G2 (19);d2  Dust2;ESL One New York 2019;BigEvents;S
45;27/9/19;Evil Geniuses (16);Astralis (12);inf  Inferno;ESL One New York 2019;BigEvents;S
46;27/9/19;Astralis (14);Evil Geniuses (16);d2  Dust2;ESL One New York 2019;BigEvents;S
47;27/9/19;OpTic (16);FaZe (8);d2  Dust2;ESL One New York 2019;BigEvents;S
48;27/9/19;FaZe (11);OpTic (16);nuke  Nuke;ESL One New York 2019;BigEvents;S
49;26/9/19;G2 (8);Liquid (16);ovp  Overpass;ESL One New York 2019;BigEvents;S
0;26/9/19;G2 (19);Liquid (17);inf  Inferno;ESL One New York 2019;BigEvents;S
1;26/9/19;G2 (3);Liquid (16);d2  Dust2;ESL One New York 2019;BigEvents;S
2;26/9/19;eUnited (10);ENCE (16);trn  Train;ESL One New York 2019;BigEvents;S
3;26/9/19;ENCE (16);eUnited (12);ovp  Overpass;ESL One New York 2019;BigEvents;S
4;26/9/19;FaZe (6);Evil Geniuses (16);vtg  Vertigo;ESL One New York 2019;BigEvents;S
5;26/9/19;Evil Geniuses (16);FaZe (12);nuke  Nuke;ESL One New York 2019;BigEvents;S
6;26/9/19;Astralis (16);OpTic (1);d2  Dust2;ESL One New York 2019;BigEvents;S
7;26/9/19;Astralis (16);OpTic (14);vtg  Vertigo;ESL One New York 2019;BigEvents;S
8;26/9/19;G2 (16);ENCE (14);nuke  Nuke;ESL One New York 2019;BigEvents;S
9;26/9/19;ENCE (17);G2 (19);d2  Dust2;ESL One New York 2019;BigEvents;S
10;26/9/19;eUnited (3);Liquid (16);mrg  Mirage;ESL One New York 2019;BigEvents;S
11;26/9/19;Liquid (16);eUnited (12);ovp  Overpass;ESL One New York 2019;BigEvents;S
12;8/9/19;Astralis (16);AVANGAR (5);d2  Dust2;StarLadder Major Berlin 2019;BigEvents;S
13;8/9/19;AVANGAR (6);Astralis (16);inf  Inferno;StarLadder Major Berlin 2019;BigEvents;S
14;7/9/19;NRG (9);Astralis (16);ovp  Overpass;StarLadder Major Berlin 2019;BigEvents;S
15;7/9/19;Astralis (16);NRG (10);trn  Train;StarLadder Major Berlin 2019;BigEvents;S
16;7/9/19;Renegades (6);AVANGAR (16);d2  Dust2;StarLadder Major Berlin 2019;BigEvents;S
17;7/9/19;AVANGAR (22);Renegades (19);mrg  Mirage;StarLadder Major Berlin 2019;BigEvents;S
18;6/9/19;Astralis (16);Liquid (13);ovp  Overpass;StarLadder Major Berlin 2019;BigEvents;S
19;6/9/19;Liquid (8);Astralis (16);vtg  Vertigo;StarLadder Major Berlin 2019;BigEvents;S
20;6/9/19;NRG (19);Natus Vincere (17);mrg  Mirage;StarLadder Major Berlin 2019;BigEvents;S
21;6/9/19;Natus Vincere (12);NRG (16);d2  Dust2;StarLadder Major Berlin 2019;BigEvents;S
22;5/9/19;Vitality (10);AVANGAR (16);d2  Dust2;StarLadder Major Berlin 2019;BigEvents;S
23;5/9/19;Vitality (16);AVANGAR (11);inf  Inferno;StarLadder Major Berlin 2019;BigEvents;S
24;5/9/19;AVANGAR (16);Vitality (9);mrg  Mirage;StarLadder Major Berlin 2019;BigEvents;S
25;5/9/19;Renegades (16);ENCE (12);nuke  Nuke;StarLadder Major Berlin 2019;BigEvents;S
26;5/9/19;ENCE (5);Renegades (16);mrg  Mirage;StarLadder Major Berlin 2019;BigEvents;S
27;1/9/19;Natus Vincere (16);CR4ZY (4);nuke  Nuke;StarLadder Major Berlin 2019;BigEvents;S
28;1/9/19;CR4ZY (12);Natus Vincere (16);inf  Inferno;StarLadder Major Berlin 2019;BigEvents;S
29;1/9/19;Natus Vincere (11);CR4ZY (16);mrg  Mirage;StarLadder Major Berlin 2019;BigEvents;S
30;1/9/19;MOUZ (20);Liquid (22);d2  Dust2;StarLadder Major Berlin 2019;BigEvents;S
31;1/9/19;MOUZ (17);Liquid (19);mrg  Mirage;StarLadder Major Berlin 2019;BigEvents;S
32;1/9/19;G2 (9);Renegades (16);inf  Inferno;StarLadder Major Berlin 2019;BigEvents;S
33;1/9/19;Renegades (11);G2 (16);d2  Dust2;StarLadder Major Berlin 2019;BigEvents;S
34;1/9/19;Renegades (16);G2 (11);vtg  Vertigo;StarLadder Major Berlin 2019;BigEvents;S
35;31/8/19;North (6);Liquid (16);d2  Dust2;StarLadder Major Berlin 2019;BigEvents;S
36;31/8/19;North (12);Liquid (16);mrg  Mirage;StarLadder Major Berlin 2019;BigEvents;S
37;31/8/19;CR4ZY (5);Astralis (16);vtg  Vertigo;StarLadder Major Berlin 2019;BigEvents;S
38;31/8/19;CR4ZY (31);Astralis (29);d2  Dust2;StarLadder Major Berlin 2019;BigEvents;S
39;31/8/19;CR4ZY (11);Astralis (16);inf  Inferno;StarLadder Major Berlin 2019;BigEvents;S
40;31/8/19;MOUZ (10);Vitality (16);mrg  Mirage;StarLadder Major Berlin 2019;BigEvents;S
41;31/8/19;Vitality (16);MOUZ (5);vtg  Vertigo;StarLadder Major Berlin 2019;BigEvents;S
42;31/8/19;FaZe (14);Renegades (16);vtg  Vertigo;StarLadder Major Berlin 2019;BigEvents;S
43;31/8/19;Renegades (3);FaZe (16);nuke  Nuke;StarLadder Major Berlin 2019;BigEvents;S
44;31/8/19;FaZe (19);Renegades (22);mrg  Mirage;StarLadder Major Berlin 2019;BigEvents;S
45;31/8/19;MIBR (4);Natus Vincere (16);inf  Inferno;StarLadder Major Berlin 2019;BigEvents;S
46;31/8/19;Natus Vincere (16);MIBR (11);mrg  Mirage;StarLadder Major Berlin 2019;BigEvents;S
47;31/8/19;AVANGAR (16);G2 (9);ovp  Overpass;StarLadder Major Berlin 2019;BigEvents;S
48;31/8/19;G2 (11);AVANGAR (16);inf  Inferno;StarLadder Major Berlin 2019;BigEvents;S
49;31/8/19;G2 (16);AVANGAR (9);d2  Dust2;StarLadder Major Berlin 2019;BigEvents;S
0;30/8/19;North (16);Ninjas in Pyjamas (4);d2  Dust2;StarLadder Major Berlin 2019;BigEvents;S
1;30/8/19;Ninjas in Pyjamas (8);North (16);trn  Train;StarLadder Major Berlin 2019;BigEvents;S
2;30/8/19;NRG (16);Astralis (4);nuke  Nuke;StarLadder Major Berlin 2019;BigEvents;S
3;30/8/19;Astralis (28);NRG (31);trn  Train;StarLadder Major Berlin 2019;BigEvents;S
4;30/8/19;Renegades (16);DreamEaters (8);trn  Train;StarLadder Major Berlin 2019;BigEvents;S
5;30/8/19;DreamEaters (10);Renegades (16);mrg  Mirage;StarLadder Major Berlin 2019;BigEvents;S
6;30/8/19;ENCE (16);Vitality (7);d2  Dust2;StarLadder Major Berlin 2019;BigEvents;S
7;30/8/19;Vitality (10);ENCE (16);nuke  Nuke;StarLadder Major Berlin 2019;BigEvents;S
8;30/8/19;FaZe (9);CR4ZY (16);mrg  Mirage;StarLadder Major Berlin 2019;BigEvents;S
9;30/8/19;MIBR (4);G2 (16);inf  Inferno;StarLadder Major Berlin 2019;BigEvents;S
10;30/8/19;AVANGAR (22);Liquid (18);ovp  Overpass;StarLadder Major Berlin 2019;BigEvents;S
11;30/8/19;Natus Vincere (17);MOUZ (19);nuke  Nuke;StarLadder Major Berlin 2019;BigEvents;S
12;29/8/19;Astralis (16);G2 (7);nuke  Nuke;StarLadder Major Berlin 2019;BigEvents;S
13;29/8/19;MIBR (8);ENCE (16);inf  Inferno;StarLadder Major Berlin 2019;BigEvents;S
14;29/8/19;Vitality (16);FaZe (7);d2  Dust2;StarLadder Major Berlin 2019;BigEvents;S
15;29/8/19;Liquid (9);NRG (16);d2  Dust2;StarLadder Major Berlin 2019;BigEvents;S
16;29/8/19;North (13);MOUZ (16);inf  Inferno;StarLadder Major Berlin 2019;BigEvents;S
17;29/8/19;Ninjas in Pyjamas (10);CR4ZY (16);trn  Train;StarLadder Major Berlin 2019;BigEvents;S
18;29/8/19;Natus Vincere (16);DreamEaters (7);ovp  Overpass;StarLadder Major Berlin 2019;BigEvents;S
19;29/8/19;Renegades (13);AVANGAR (16);vtg  Vertigo;StarLadder Major Berlin 2019;BigEvents;S
20;28/8/19;MIBR (16);Ninjas in Pyjamas (12);d2  Dust2;StarLadder Major Berlin 2019;BigEvents;S
21;28/8/19;Natus Vincere (17);G2 (19);ovp  Overpass;StarLadder Major Berlin 2019;BigEvents;S
22;28/8/19;FaZe (16);MOUZ (8);mrg  Mirage;StarLadder Major Berlin 2019;BigEvents;S
23;28/8/19;Vitality (16);North (9);inf  Inferno;StarLadder Major Berlin 2019;BigEvents;S
24;28/8/19;CR4ZY (9);Liquid (16);mrg  Mirage;StarLadder Major Berlin 2019;BigEvents;S
25;28/8/19;NRG (16);Renegades (14);d2  Dust2;StarLadder Major Berlin 2019;BigEvents;S
26;28/8/19;Astralis (16);DreamEaters (9);d2  Dust2;StarLadder Major Berlin 2019;BigEvents;S
27;28/8/19;ENCE (16);AVANGAR (5);ovp  Overpass;StarLadder Major Berlin 2019;BigEvents;S
28;21/7/19;ENCE (14);Liquid (16);inf  Inferno;IEM Chicago 2019;BigEvents;S
29;21/7/19;Liquid (16);ENCE (3);nuke  Nuke;IEM Chicago 2019;BigEvents;S
30;21/7/19;ENCE (2);Liquid (16);ovp  Overpass;IEM Chicago 2019;BigEvents;S
31;21/7/19;Vitality (9);Liquid (16);ovp  Overpass;IEM Chicago 2019;BigEvents;S
32;21/7/19;Vitality (11);Liquid (16);d2  Dust2;IEM Chicago 2019;BigEvents;S
33;20/7/19;ENCE (16);MIBR (7);d2  Dust2;IEM Chicago 2019;BigEvents;S
34;20/7/19;MIBR (5);ENCE (16);trn  Train;IEM Chicago 2019;BigEvents;S
35;20/7/19;ENCE (9);MIBR (16);mrg  Mirage;IEM Chicago 2019;BigEvents;S
36;20/7/19;Heroic (9);Vitality (16);ovp  Overpass;IEM Chicago 2019;BigEvents;S
37;20/7/19;Heroic (16);Vitality (12);d2  Dust2;IEM Chicago 2019;BigEvents;S
38;20/7/19;Vitality (16);Heroic (7);mrg  Mirage;IEM Chicago 2019;BigEvents;S
39;19/7/19;G2 (6);MIBR (16);trn  Train;IEM Chicago 2019;BigEvents;S
40;19/7/19;MIBR (12);G2 (16);d2  Dust2;IEM Chicago 2019;BigEvents;S
41;19/7/19;G2 (11);MIBR (16);inf  Inferno;IEM Chicago 2019;BigEvents;S
42;19/7/19;Heroic (14);ENCE (16);nuke  Nuke;IEM Chicago 2019;BigEvents;S
43;19/7/19;ENCE (16);Heroic (12);ovp  Overpass;IEM Chicago 2019;BigEvents;S
44;19/7/19;Vitality (16);Renegades (7);d2  Dust2;IEM Chicago 2019;BigEvents;S
45;19/7/19;Vitality (16);Renegades (12);mrg  Mirage;IEM Chicago 2019;BigEvents;S
46;18/7/19;Envy (15);MIBR (19);trn  Train;IEM Chicago 2019;BigEvents;S
47;18/7/19;Envy (9);MIBR (16);mrg  Mirage;IEM Chicago 2019;BigEvents;S
48;18/7/19;MIBR (11);Envy (16);inf  Inferno;IEM Chicago 2019;BigEvents;S
49;18/7/19;G2 (9);Liquid (16);inf  Inferno;IEM Chicago 2019;BigEvents;S
0;18/7/19;G2 (13);Liquid (16);ovp  Overpass;IEM Chicago 2019;BigEvents;S
1;18/7/19;G2 (16);Liquid (13);d2  Dust2;IEM Chicago 2019;BigEvents;S
2;18/7/19;Renegades (14);ENCE (16);trn  Train;IEM Chicago 2019;BigEvents;S
3;18/7/19;ENCE (16);Renegades (7);inf  Inferno;IEM Chicago 2019;BigEvents;S
4;18/7/19;Heroic (16);Vitality (9);nuke  Nuke;IEM Chicago 2019;BigEvents;S
5;18/7/19;Vitality (14);Heroic (16);ovp  Overpass;IEM Chicago 2019;BigEvents;S
6;18/7/19;MIBR (9);G2 (16);d2  Dust2;IEM Chicago 2019;BigEvents;S
7;18/7/19;MIBR (6);G2 (16);ovp  Overpass;IEM Chicago 2019;BigEvents;S
8;18/7/19;Envy (6);Liquid (16);mrg  Mirage;IEM Chicago 2019;BigEvents;S
9;18/7/19;Envy (1);Liquid (16);vtg  Vertigo;IEM Chicago 2019;BigEvents;S
10;15/7/19;FaZe (6);Liquid (16);inf  Inferno;BLAST Pro Series Los Angeles 2019;BigEvents;S
11;15/7/19;Liquid (16);FaZe (13);nuke  Nuke;BLAST Pro Series Los Angeles 2019;BigEvents;S
12;14/7/19;NRG (11);FaZe (16);nuke  Nuke;BLAST Pro Series Los Angeles 2019;BigEvents;S
13;14/7/19;FaZe (16);NRG (7);trn  Train;BLAST Pro Series Los Angeles 2019;BigEvents;S
14;14/7/19;Cloud9 (14);Liquid (16);inf  Inferno;BLAST Pro Series Los Angeles 2019;BigEvents;S
15;14/7/19;Cloud9 (8);Liquid (16);mrg  Mirage;BLAST Pro Series Los Angeles 2019;BigEvents;S
16;14/7/19;FaZe (16);MIBR (14);inf  Inferno;BLAST Pro Series Los Angeles 2019;BigEvents;S
17;14/7/19;NRG (15);Cloud9 (15);nuke  Nuke;BLAST Pro Series Los Angeles 2019;BigEvents;S
18;14/7/19;Renegades (11);Liquid (16);vtg  Vertigo;BLAST Pro Series Los Angeles 2019;BigEvents;S
19;14/7/19;NRG (16);MIBR (10);inf  Inferno;BLAST Pro Series Los Angeles 2019;BigEvents;S
20;14/7/19;Liquid (16);FaZe (4);nuke  Nuke;BLAST Pro Series Los Angeles 2019;BigEvents;S
21;14/7/19;Cloud9 (12);Renegades (16);inf  Inferno;BLAST Pro Series Los Angeles 2019;BigEvents;S
22;14/7/19;MIBR (11);Liquid (16);mrg  Mirage;BLAST Pro Series Los Angeles 2019;BigEvents;S
23;14/7/19;FaZe (12);Cloud9 (16);mrg  Mirage;BLAST Pro Series Los Angeles 2019;BigEvents;S
24;14/7/19;NRG (16);Renegades (8);d2  Dust2;BLAST Pro Series Los Angeles 2019;BigEvents;S
25;13/7/19;MIBR (15);Cloud9 (15);mrg  Mirage;BLAST Pro Series Los Angeles 2019;BigEvents;S
26;13/7/19;Liquid (16);NRG (9);ovp  Overpass;BLAST Pro Series Los Angeles 2019;BigEvents;S
27;13/7/19;Cloud9 (8);Liquid (16);inf  Inferno;BLAST Pro Series Los Angeles 2019;BigEvents;S
28;13/7/19;Renegades (14);FaZe (16);trn  Train;BLAST Pro Series Los Angeles 2019;BigEvents;S
29;13/7/19;NRG (9);FaZe (16);nuke  Nuke;BLAST Pro Series Los Angeles 2019;BigEvents;S
30;13/7/19;Renegades (14);MIBR (16);mrg  Mirage;BLAST Pro Series Los Angeles 2019;BigEvents;S
31;7/7/19;Liquid (16);Vitality (8);mrg  Mirage;ESL One Cologne 2019;BigEvents;S
32;7/7/19;Liquid (16);Vitality (10);inf  Inferno;ESL One Cologne 2019;BigEvents;S
33;7/7/19;Liquid (17);Vitality (19);d2  Dust2;ESL One Cologne 2019;BigEvents;S
34;7/7/19;Vitality (6);Liquid (16);ovp  Overpass;ESL One Cologne 2019;BigEvents;S
35;6/7/19;Natus Vincere (12);Liquid (16);ovp  Overpass;ESL One Cologne 2019;BigEvents;S
36;6/7/19;Natus Vincere (12);Liquid (16);d2  Dust2;ESL One Cologne 2019;BigEvents;S
37;6/7/19;Astralis (9);Vitality (16);ovp  Overpass;ESL One Cologne 2019;BigEvents;S
38;6/7/19;Astralis (22);Vitality (19);inf  Inferno;ESL One Cologne 2019;BigEvents;S
39;6/7/19;Astralis (8);Vitality (16);d2  Dust2;ESL One Cologne 2019;BigEvents;S
40;5/7/19;Natus Vincere (16);Ninjas in Pyjamas (9);mrg  Mirage;ESL One Cologne 2019;BigEvents;S
41;5/7/19;Ninjas in Pyjamas (12);Natus Vincere (16);inf  Inferno;ESL One Cologne 2019;BigEvents;S
42;5/7/19;Vitality (16);NRG (7);mrg  Mirage;ESL One Cologne 2019;BigEvents;S
43;5/7/19;NRG (7);Vitality (16);d2  Dust2;ESL One Cologne 2019;BigEvents;S
44;4/7/19;Heroic (14);Vitality (16);inf  Inferno;ESL One Cologne 2019;BigEvents;S
45;4/7/19;Vitality (16);Heroic (13);ovp  Overpass;ESL One Cologne 2019;BigEvents;S
46;4/7/19;Ninjas in Pyjamas (8);Astralis (16);inf  Inferno;ESL One Cologne 2019;BigEvents;S
47;4/7/19;Astralis (19);Ninjas in Pyjamas (16);d2  Dust2;ESL One Cologne 2019;BigEvents;S
48;4/7/19;NRG (20);Liquid (22);inf  Inferno;ESL One Cologne 2019;BigEvents;S
49;4/7/19;Liquid (16);NRG (12);nuke  Nuke;ESL One Cologne 2019;BigEvents;S
0;4/7/19;MOUZ (9);Natus Vincere (16);trn  Train;ESL One Cologne 2019;BigEvents;S
1;4/7/19;MOUZ (16);Natus Vincere (8);d2  Dust2;ESL One Cologne 2019;BigEvents;S
2;4/7/19;Natus Vincere (22);MOUZ (19);inf  Inferno;ESL One Cologne 2019;BigEvents;S
3;4/7/19;fnatic (17);Vitality (19);ovp  Overpass;ESL One Cologne 2019;BigEvents;S
4;4/7/19;Vitality (19);fnatic (16);mrg  Mirage;ESL One Cologne 2019;BigEvents;S
5;4/7/19;BIG (7);Heroic (16);nuke  Nuke;ESL One Cologne 2019;BigEvents;S
6;4/7/19;Heroic (16);BIG (13);inf  Inferno;ESL One Cologne 2019;BigEvents;S
7;3/7/19;FURIA (14);Natus Vincere (16);ovp  Overpass;ESL One Cologne 2019;BigEvents;S
8;3/7/19;Natus Vincere (16);FURIA (12);nuke  Nuke;ESL One Cologne 2019;BigEvents;S
9;3/7/19;Heroic (10);Ninjas in Pyjamas (16);inf  Inferno;ESL One Cologne 2019;BigEvents;S
10;3/7/19;Ninjas in Pyjamas (16);Heroic (5);ovp  Overpass;ESL One Cologne 2019;BigEvents;S
11;3/7/19;MOUZ (16);FaZe (8);mrg  Mirage;ESL One Cologne 2019;BigEvents;S
12;3/7/19;FaZe (15);MOUZ (19);inf  Inferno;ESL One Cologne 2019;BigEvents;S
13;3/7/19;fnatic (6);Astralis (16);nuke  Nuke;ESL One Cologne 2019;BigEvents;S
14;3/7/19;Astralis (16);fnatic (1);trn  Train;ESL One Cologne 2019;BigEvents;S
15;3/7/19;MIBR (16);BIG (19);trn  Train;ESL One Cologne 2019;BigEvents;S
16;3/7/19;BIG (7);MIBR (16);ovp  Overpass;ESL One Cologne 2019;BigEvents;S
17;3/7/19;MIBR (11);BIG (16);d2  Dust2;ESL One Cologne 2019;BigEvents;S
18;3/7/19;Vitality (16);ENCE (9);inf  Inferno;ESL One Cologne 2019;BigEvents;S
19;3/7/19;Vitality (12);ENCE (16);nuke  Nuke;ESL One Cologne 2019;BigEvents;S
20;3/7/19;ENCE (9);Vitality (16);ovp  Overpass;ESL One Cologne 2019;BigEvents;S
21;2/7/19;FaZe (12);NRG (16);ovp  Overpass;ESL One Cologne 2019;BigEvents;S
22;2/7/19;NRG (16);FaZe (11);mrg  Mirage;ESL One Cologne 2019;BigEvents;S
23;2/7/19;FURIA (16);Renegades (12);mrg  Mirage;ESL One Cologne 2019;BigEvents;S
24;2/7/19;Renegades (9);FURIA (16);nuke  Nuke;ESL One Cologne 2019;BigEvents;S
25;2/7/19;Natus Vincere (8);Liquid (16);mrg  Mirage;ESL One Cologne 2019;BigEvents;S
26;2/7/19;Natus Vincere (16);Liquid (14);ovp  Overpass;ESL One Cologne 2019;BigEvents;S
27;2/7/19;Natus Vincere (19);Liquid (22);d2  Dust2;ESL One Cologne 2019;BigEvents;S
28;2/7/19;MVP PK (6);MOUZ (16);inf  Inferno;ESL One Cologne 2019;BigEvents;S
29;2/7/19;MOUZ (16);MVP PK (8);vtg  Vertigo;ESL One Cologne 2019;BigEvents;S
30;2/7/19;Vitality (10);Ninjas in Pyjamas (16);d2  Dust2;ESL One Cologne 2019;BigEvents;S
31;2/7/19;Heroic (16);ENCE (10);mrg  Mirage;ESL One Cologne 2019;BigEvents;S
32;2/7/19;fnatic (16);MIBR (11);inf  Inferno;ESL One Cologne 2019;BigEvents;S
33;2/7/19;Astralis (16);BIG (4);ovp  Overpass;ESL One Cologne 2019;BigEvents;S
34;2/7/19;FaZe (16);Renegades (14);mrg  Mirage;ESL One Cologne 2019;BigEvents;S
35;2/7/19;NRG (16);FURIA (7);nuke  Nuke;ESL One Cologne 2019;BigEvents;S
36;2/7/19;Liquid (16);MVP PK (14);nuke  Nuke;ESL One Cologne 2019;BigEvents;S
37;2/7/19;MOUZ (14);Natus Vincere (16);trn  Train;ESL One Cologne 2019;BigEvents;S
38;23/6/19;Liquid (25);G2 (22);inf  Inferno;ESL Pro League Season 9 Finals;BigEvents;S
39;23/6/19;Liquid (12);G2 (16);nuke  Nuke;ESL Pro League Season 9 Finals;BigEvents;S
40;23/6/19;G2 (3);Liquid (16);ovp  Overpass;ESL Pro League Season 9 Finals;BigEvents;S
41;23/6/19;G2 (15);Liquid (19);d2  Dust2;ESL Pro League Season 9 Finals;BigEvents;S
42;22/6/19;Liquid (19);MOUZ (17);nuke  Nuke;ESL Pro League Season 9 Finals;BigEvents;S
43;22/6/19;MOUZ (8);Liquid (16);ovp  Overpass;ESL Pro League Season 9 Finals;BigEvents;S
44;22/6/19;G2 (16);NRG (10);ovp  Overpass;ESL Pro League Season 9 Finals;BigEvents;S
45;22/6/19;G2 (7);NRG (16);trn  Train;ESL Pro League Season 9 Finals;BigEvents;S
46;22/6/19;NRG (12);G2 (16);d2  Dust2;ESL Pro League Season 9 Finals;BigEvents;S
47;21/6/19;Liquid (16);Astralis (13);vtg  Vertigo;ESL Pro League Season 9 Finals;BigEvents;S
48;21/6/19;Liquid (16);Astralis (6);inf  Inferno;ESL Pro League Season 9 Finals;BigEvents;S
49;21/6/19;Astralis (16);Liquid (12);ovp  Overpass;ESL Pro League Season 9 Finals;BigEvents;S
0;21/6/19;G2 (16);FaZe (8);d2  Dust2;ESL Pro League Season 9 Finals;BigEvents;S
1;21/6/19;FaZe (12);G2 (16);trn  Train;ESL Pro League Season 9 Finals;BigEvents;S
2;20/6/19;MOUZ (16);FaZe (8);vtg  Vertigo;ESL Pro League Season 9 Finals;BigEvents;S
3;20/6/19;FaZe (12);MOUZ (16);trn  Train;ESL Pro League Season 9 Finals;BigEvents;S
4;20/6/19;Liquid (16);MIBR (9);d2  Dust2;ESL Pro League Season 9 Finals;BigEvents;S
5;20/6/19;MIBR (13);Liquid (16);mrg  Mirage;ESL Pro League Season 9 Finals;BigEvents;S
6;20/6/19;Heroic (11);G2 (16);d2  Dust2;ESL Pro League Season 9 Finals;BigEvents;S
7;20/6/19;Heroic (3);G2 (16);vtg  Vertigo;ESL Pro League Season 9 Finals;BigEvents;S
8;20/6/19;NRG (16);Astralis (12);d2  Dust2;ESL Pro League Season 9 Finals;BigEvents;S
9;20/6/19;NRG (8);Astralis (16);nuke  Nuke;ESL Pro League Season 9 Finals;BigEvents;S
10;20/6/19;Astralis (13);NRG (16);trn  Train;ESL Pro League Season 9 Finals;BigEvents;S
11;20/6/19;HellRaisers (14);Liquid (16);ovp  Overpass;ESL Pro League Season 9 Finals;BigEvents;S
12;20/6/19;HellRaisers (16);Liquid (14);inf  Inferno;ESL Pro League Season 9 Finals;BigEvents;S
13;20/6/19;HellRaisers (11);Liquid (16);vtg  Vertigo;ESL Pro League Season 9 Finals;BigEvents;S
14;20/6/19;North (13);MIBR (16);ovp  Overpass;ESL Pro League Season 9 Finals;BigEvents;S
15;20/6/19;MIBR (13);North (16);inf  Inferno;ESL Pro League Season 9 Finals;BigEvents;S
16;20/6/19;North (5);MIBR (16);mrg  Mirage;ESL Pro League Season 9 Finals;BigEvents;S
17;19/6/19;HellRaisers (8);MOUZ (16);nuke  Nuke;ESL Pro League Season 9 Finals;BigEvents;S
18;19/6/19;MOUZ (16);HellRaisers (5);mrg  Mirage;ESL Pro League Season 9 Finals;BigEvents;S
19;19/6/19;Cloud9 (13);G2 (16);ovp  Overpass;ESL Pro League Season 9 Finals;BigEvents;S
20;19/6/19;G2 (16);Cloud9 (12);inf  Inferno;ESL Pro League Season 9 Finals;BigEvents;S
21;19/6/19;FaZe (19);North (16);d2  Dust2;ESL Pro League Season 9 Finals;BigEvents;S
22;19/6/19;North (8);FaZe (16);mrg  Mirage;ESL Pro League Season 9 Finals;BigEvents;S
23;19/6/19;FaZe (4);North (16);inf  Inferno;ESL Pro League Season 9 Finals;BigEvents;S
24;19/6/19;Heroic (16);fnatic (6);ovp  Overpass;ESL Pro League Season 9 Finals;BigEvents;S
25;19/6/19;Heroic (12);fnatic (16);mrg  Mirage;ESL Pro League Season 9 Finals;BigEvents;S
26;19/6/19;fnatic (7);Heroic (16);nuke  Nuke;ESL Pro League Season 9 Finals;BigEvents;S
27;19/6/19;MIBR (16);Luminosity (13);d2  Dust2;ESL Pro League Season 9 Finals;BigEvents;S
28;19/6/19;Luminosity (9);MIBR (16);mrg  Mirage;ESL Pro League Season 9 Finals;BigEvents;S
29;19/6/19;TYLOO (7);Liquid (16);ovp  Overpass;ESL Pro League Season 9 Finals;BigEvents;S
30;19/6/19;TYLOO (6);Liquid (16);mrg  Mirage;ESL Pro League Season 9 Finals;BigEvents;S
31;18/6/19;Heroic (7);Astralis (16);inf  Inferno;ESL Pro League Season 9 Finals;BigEvents;S
32;18/6/19;Astralis (16);Heroic (7);vtg  Vertigo;ESL Pro League Season 9 Finals;BigEvents;S
33;18/6/19;Cloud9 (16);DETONA (9);mrg  Mirage;ESL Pro League Season 9 Finals;BigEvents;S
34;18/6/19;Cloud9 (16);DETONA (4);d2  Dust2;ESL Pro League Season 9 Finals;BigEvents;S
35;18/6/19;NRG (19);G2 (17);ovp  Overpass;ESL Pro League Season 9 Finals;BigEvents;S
36;18/6/19;NRG (19);G2 (17);d2  Dust2;ESL Pro League Season 9 Finals;BigEvents;S
37;18/6/19;G2 (16);NRG (11);trn  Train;ESL Pro League Season 9 Finals;BigEvents;S
38;18/6/19;Grayhound (13);fnatic (16);trn  Train;ESL Pro League Season 9 Finals;BigEvents;S
39;18/6/19;Grayhound (11);fnatic (16);d2  Dust2;ESL Pro League Season 9 Finals;BigEvents;S
40;18/6/19;MOUZ (16);MIBR (8);inf  Inferno;ESL Pro League Season 9 Finals;BigEvents;S
41;18/6/19;Luminosity (7);HellRaisers (16);mrg  Mirage;ESL Pro League Season 9 Finals;BigEvents;S
42;18/6/19;TYLOO (12);FaZe (16);vtg  Vertigo;ESL Pro League Season 9 Finals;BigEvents;S
43;18/6/19;North (16);Liquid (13);d2  Dust2;ESL Pro League Season 9 Finals;BigEvents;S
44;18/6/19;Heroic (16);DETONA (8);d2  Dust2;ESL Pro League Season 9 Finals;BigEvents;S
45;18/6/19;Cloud9 (9);Astralis (16);inf  Inferno;ESL Pro League Season 9 Finals;BigEvents;S
46;18/6/19;G2 (16);Grayhound (13);nuke  Nuke;ESL Pro League Season 9 Finals;BigEvents;S
47;18/6/19;NRG (16);fnatic (12);nuke  Nuke;ESL Pro League Season 9 Finals;BigEvents;S
48;9/6/19;Vitality (16);FURIA (4);ovp  Overpass;ECS Season 7 Finals;BigEvents;S
49;9/6/19;Vitality (16);FURIA (9);inf  Inferno;ECS Season 7 Finals;BigEvents;S
0;8/6/19;NRG (7);Vitality (16);mrg  Mirage;ECS Season 7 Finals;BigEvents;S
1;8/6/19;Vitality (19);NRG (15);ovp  Overpass;ECS Season 7 Finals;BigEvents;S
2;8/6/19;FURIA (22);North (20);ovp  Overpass;ECS Season 7 Finals;BigEvents;S
3;8/6/19;FURIA (16);North (11);inf  Inferno;ECS Season 7 Finals;BigEvents;S
4;7/6/19;Complexity (8);Vitality (16);nuke  Nuke;ECS Season 7 Finals;BigEvents;S
5;7/6/19;Vitality (16);Complexity (13);d2  Dust2;ECS Season 7 Finals;BigEvents;S
6;7/6/19;Astralis (13);FURIA (16);nuke  Nuke;ECS Season 7 Finals;BigEvents;S
7;7/6/19;Astralis (10);FURIA (16);mrg  Mirage;ECS Season 7 Finals;BigEvents;S
8;7/6/19;Astralis (16);FURIA (12);inf  Inferno;ECS Season 7 Finals;BigEvents;S
9;7/6/19;Complexity (16);MIBR (14);mrg  Mirage;ECS Season 7 Finals;BigEvents;S
10;7/6/19;Complexity (9);MIBR (16);vtg  Vertigo;ECS Season 7 Finals;BigEvents;S
11;7/6/19;MIBR (4);Complexity (16);trn  Train;ECS Season 7 Finals;BigEvents;S
12;7/6/19;Ninjas in Pyjamas (6);Astralis (16);ovp  Overpass;ECS Season 7 Finals;BigEvents;S
13;7/6/19;Astralis (16);Ninjas in Pyjamas (5);inf  Inferno;ECS Season 7 Finals;BigEvents;S
14;6/6/19;North (16);Vitality (7);d2  Dust2;ECS Season 7 Finals;BigEvents;S
15;6/6/19;North (16);Vitality (11);inf  Inferno;ECS Season 7 Finals;BigEvents;S
16;6/6/19;North (13);Vitality (16);nuke  Nuke;ECS Season 7 Finals;BigEvents;S
17;6/6/19;FURIA (9);NRG (16);nuke  Nuke;ECS Season 7 Finals;BigEvents;S
18;6/6/19;FURIA (13);NRG (16);trn  Train;ECS Season 7 Finals;BigEvents;S
19;6/6/19;MIBR (23);North (25);inf  Inferno;ECS Season 7 Finals;BigEvents;S
20;6/6/19;Vitality (16);Complexity (9);d2  Dust2;ECS Season 7 Finals;BigEvents;S
21;6/6/19;Ninjas in Pyjamas (11);NRG (16);trn  Train;ECS Season 7 Finals;BigEvents;S
22;6/6/19;Astralis (14);FURIA (16);nuke  Nuke;ECS Season 7 Finals;BigEvents;S
23;2/6/19;ENCE (13);Liquid (16);inf  Inferno;DreamHack Masters Dallas 2019;BigEvents;S
24;2/6/19;ENCE (19);Liquid (17);ovp  Overpass;DreamHack Masters Dallas 2019;BigEvents;S
25;2/6/19;ENCE (8);Liquid (16);mrg  Mirage;DreamHack Masters Dallas 2019;BigEvents;S
26;2/6/19;FaZe (13);ENCE (16);trn  Train;DreamHack Masters Dallas 2019;BigEvents;S
27;2/6/19;FaZe (16);ENCE (19);d2  Dust2;DreamHack Masters Dallas 2019;BigEvents;S
28;1/6/19;FURIA (4);Liquid (16);ovp  Overpass;DreamHack Masters Dallas 2019;BigEvents;S
29;1/6/19;Liquid (16);FURIA (13);nuke  Nuke;DreamHack Masters Dallas 2019;BigEvents;S
30;1/6/19;FaZe (25);G2 (23);d2  Dust2;DreamHack Masters Dallas 2019;BigEvents;S
31;1/6/19;FaZe (16);G2 (8);inf  Inferno;DreamHack Masters Dallas 2019;BigEvents;S
32;31/5/19;FURIA (16);Vitality (8);nuke  Nuke;DreamHack Masters Dallas 2019;BigEvents;S
33;31/5/19;Vitality (8);FURIA (16);inf  Inferno;DreamHack Masters Dallas 2019;BigEvents;S
34;31/5/19;FURIA (9);ENCE (16);nuke  Nuke;DreamHack Masters Dallas 2019;BigEvents;S
35;31/5/19;FURIA (16);ENCE (11);trn  Train;DreamHack Masters Dallas 2019;BigEvents;S
36;31/5/19;ENCE (16);FURIA (9);ovp  Overpass;DreamHack Masters Dallas 2019;BigEvents;S
37;31/5/19;Renegades (13);G2 (16);trn  Train;DreamHack Masters Dallas 2019;BigEvents;S
38;31/5/19;G2 (14);Renegades (16);d2  Dust2;DreamHack Masters Dallas 2019;BigEvents;S
39;31/5/19;G2 (16);Renegades (7);inf  Inferno;DreamHack Masters Dallas 2019;BigEvents;S
40;30/5/19;Liquid (16);FaZe (11);inf  Inferno;DreamHack Masters Dallas 2019;BigEvents;S
41;30/5/19;FaZe (16);Liquid (12);nuke  Nuke;DreamHack Masters Dallas 2019;BigEvents;S
42;30/5/19;FaZe (19);Liquid (22);d2  Dust2;DreamHack Masters Dallas 2019;BigEvents;S
43;30/5/19;North (11);Vitality (16);mrg  Mirage;DreamHack Masters Dallas 2019;BigEvents;S
44;30/5/19;North (10);Vitality (16);nuke  Nuke;DreamHack Masters Dallas 2019;BigEvents;S
45;30/5/19;G2 (16);NRG (3);ovp  Overpass;DreamHack Masters Dallas 2019;BigEvents;S
46;30/5/19;G2 (16);NRG (11);inf  Inferno;DreamHack Masters Dallas 2019;BigEvents;S
47;30/5/19;G2 (17);NRG (19);trn  Train;DreamHack Masters Dallas 2019;BigEvents;S
48;30/5/19;Renegades (16);fnatic (4);inf  Inferno;DreamHack Masters Dallas 2019;BigEvents;S
49;30/5/19;Renegades (9);fnatic (16);trn  Train;DreamHack Masters Dallas 2019;BigEvents;S
0;30/5/19;Renegades (16);fnatic (14);mrg  Mirage;DreamHack Masters Dallas 2019;BigEvents;S
1;30/5/19;fnatic (12);FURIA (16);nuke  Nuke;DreamHack Masters Dallas 2019;BigEvents;S
2;30/5/19;FURIA (16);fnatic (12);mrg  Mirage;DreamHack Masters Dallas 2019;BigEvents;S
3;30/5/19;Windigo (22);North (25);d2  Dust2;DreamHack Masters Dallas 2019;BigEvents;S
4;30/5/19;North (16);Windigo (3);ovp  Overpass;DreamHack Masters Dallas 2019;BigEvents;S
5;29/5/19;ENCE (16);G2 (6);nuke  Nuke;DreamHack Masters Dallas 2019;BigEvents;S
6;29/5/19;ENCE (8);G2 (16);d2  Dust2;DreamHack Masters Dallas 2019;BigEvents;S
7;29/5/19;G2 (11);ENCE (16);trn  Train;DreamHack Masters Dallas 2019;BigEvents;S
8;29/5/19;Vitality (16);Ninjas in Pyjamas (14);d2  Dust2;DreamHack Masters Dallas 2019;BigEvents;S
9;29/5/19;Vitality (16);Ninjas in Pyjamas (8);ovp  Overpass;DreamHack Masters Dallas 2019;BigEvents;S
10;29/5/19;NRG (16);Cloud9 (3);mrg  Mirage;DreamHack Masters Dallas 2019;BigEvents;S
11;29/5/19;Cloud9 (11);NRG (16);trn  Train;DreamHack Masters Dallas 2019;BigEvents;S
12;29/5/19;NRG (10);Cloud9 (16);d2  Dust2;DreamHack Masters Dallas 2019;BigEvents;S
13;29/5/19;Isurus (5);Renegades (16);inf  Inferno;DreamHack Masters Dallas 2019;BigEvents;S
14;29/5/19;Isurus (4);Renegades (16);mrg  Mirage;DreamHack Masters Dallas 2019;BigEvents;S
15;29/5/19;Isurus (16);Renegades (13);d2  Dust2;DreamHack Masters Dallas 2019;BigEvents;S
16;29/5/19;FaZe (16);Ninjas in Pyjamas (7);nuke  Nuke;DreamHack Masters Dallas 2019;BigEvents;S
17;29/5/19;FaZe (16);Ninjas in Pyjamas (6);d2  Dust2;DreamHack Masters Dallas 2019;BigEvents;S
18;29/5/19;TYLOO (4);Windigo (16);ovp  Overpass;DreamHack Masters Dallas 2019;BigEvents;S
19;29/5/19;Windigo (16);TYLOO (9);inf  Inferno;DreamHack Masters Dallas 2019;BigEvents;S
20;29/5/19;North (12);Liquid (16);mrg  Mirage;DreamHack Masters Dallas 2019;BigEvents;S
21;29/5/19;Liquid (16);North (11);nuke  Nuke;DreamHack Masters Dallas 2019;BigEvents;S
22;29/5/19;Vitality (16);Lucid Dream (1);nuke  Nuke;DreamHack Masters Dallas 2019;BigEvents;S
23;29/5/19;Lucid Dream (5);Vitality (16);d2  Dust2;DreamHack Masters Dallas 2019;BigEvents;S
24;28/5/19;Cloud9 (7);fnatic (16);trn  Train;DreamHack Masters Dallas 2019;BigEvents;S
25;28/5/19;FURIA (16);NRG (7);ovp  Overpass;DreamHack Masters Dallas 2019;BigEvents;S
26;28/5/19;G2 (19);Renegades (17);trn  Train;DreamHack Masters Dallas 2019;BigEvents;S
27;28/5/19;ENCE (16);Isurus (4);inf  Inferno;DreamHack Masters Dallas 2019;BigEvents;S
28;28/5/19;FaZe (16);Windigo (7);d2  Dust2;DreamHack Masters Dallas 2019;BigEvents;S
29;28/5/19;TYLOO (13);Ninjas in Pyjamas (16);d2  Dust2;DreamHack Masters Dallas 2019;BigEvents;S
30;28/5/19;Vitality (14);North (16);ovp  Overpass;DreamHack Masters Dallas 2019;BigEvents;S
31;28/5/19;Lucid Dream (7);Liquid (16);d2  Dust2;DreamHack Masters Dallas 2019;BigEvents;S
32;11/5/19;Astralis (13);ENCE (16);trn  Train;BLAST Pro Series Madrid 2019;BigEvents;S
33;11/5/19;ENCE (16);Astralis (9);nuke  Nuke;BLAST Pro Series Madrid 2019;BigEvents;S
34;11/5/19;ENCE (16);Giants (14);ovp  Overpass;BLAST Pro Series Madrid 2019;BigEvents;S
35;11/5/19;Cloud9 (11);Astralis (16);inf  Inferno;BLAST Pro Series Madrid 2019;BigEvents;S
36;11/5/19;Ninjas in Pyjamas (16);Natus Vincere (9);d2  Dust2;BLAST Pro Series Madrid 2019;BigEvents;S
37;11/5/19;Cloud9 (14);Ninjas in Pyjamas (16);nuke  Nuke;BLAST Pro Series Madrid 2019;BigEvents;S
38;11/5/19;Astralis (13);ENCE (16);d2  Dust2;BLAST Pro Series Madrid 2019;BigEvents;S
39;11/5/19;Natus Vincere (16);Giants (4);d2  Dust2;BLAST Pro Series Madrid 2019;BigEvents;S
40;11/5/19;Natus Vincere (13);Astralis (16);d2  Dust2;BLAST Pro Series Madrid 2019;BigEvents;S
41;11/5/19;Cloud9 (11);ENCE (16);nuke  Nuke;BLAST Pro Series Madrid 2019;BigEvents;S
42;11/5/19;Ninjas in Pyjamas (4);Giants (16);nuke  Nuke;BLAST Pro Series Madrid 2019;BigEvents;S
43;10/5/19;Natus Vincere (16);Cloud9 (7);mrg  Mirage;BLAST Pro Series Madrid 2019;BigEvents;S
44;10/5/19;Ninjas in Pyjamas (16);ENCE (5);nuke  Nuke;BLAST Pro Series Madrid 2019;BigEvents;S
45;10/5/19;Astralis (16);Giants (7);nuke  Nuke;BLAST Pro Series Madrid 2019;BigEvents;S
46;10/5/19;Cloud9 (16);Giants (14);d2  Dust2;BLAST Pro Series Madrid 2019;BigEvents;S
47;10/5/19;Astralis (16);Ninjas in Pyjamas (8);d2  Dust2;BLAST Pro Series Madrid 2019;BigEvents;S
48;10/5/19;ENCE (16);Natus Vincere (4);mrg  Mirage;BLAST Pro Series Madrid 2019;BigEvents;S
49;5/5/19;Liquid (16);fnatic (9);inf  Inferno;IEM Sydney 2019;BigEvents;S
0;5/5/19;Liquid (6);fnatic (16);d2  Dust2;IEM Sydney 2019;BigEvents;S
1;5/5/19;Liquid (16);fnatic (8);mrg  Mirage;IEM Sydney 2019;BigEvents;S
2;5/5/19;fnatic (14);Liquid (16);ovp  Overpass;IEM Sydney 2019;BigEvents;S
3;5/5/19;fnatic (16);Liquid (10);cch  Cache;IEM Sydney 2019;BigEvents;S
4;4/5/19;fnatic (16);NRG (10);mrg  Mirage;IEM Sydney 2019;BigEvents;S
5;4/5/19;fnatic (8);NRG (16);trn  Train;IEM Sydney 2019;BigEvents;S
6;4/5/19;NRG (11);fnatic (16);inf  Inferno;IEM Sydney 2019;BigEvents;S
7;4/5/19;MIBR (15);Liquid (19);nuke  Nuke;IEM Sydney 2019;BigEvents;S
8;4/5/19;Liquid (16);MIBR (10);mrg  Mirage;IEM Sydney 2019;BigEvents;S
9;3/5/19;fnatic (22);Ninjas in Pyjamas (20);d2  Dust2;IEM Sydney 2019;BigEvents;S
10;3/5/19;fnatic (23);Ninjas in Pyjamas (25);ovp  Overpass;IEM Sydney 2019;BigEvents;S
11;3/5/19;Ninjas in Pyjamas (9);fnatic (16);cch  Cache;IEM Sydney 2019;BigEvents;S
12;3/5/19;MOUZ (10);MIBR (16);ovp  Overpass;IEM Sydney 2019;BigEvents;S
13;3/5/19;MIBR (22);MOUZ (19);mrg  Mirage;IEM Sydney 2019;BigEvents;S
14;2/5/19;NRG (16);MIBR (11);ovp  Overpass;IEM Sydney 2019;BigEvents;S
15;2/5/19;MIBR (4);NRG (16);nuke  Nuke;IEM Sydney 2019;BigEvents;S
16;2/5/19;Grayhound (12);fnatic (16);inf  Inferno;IEM Sydney 2019;BigEvents;S
17;2/5/19;Grayhound (19);fnatic (16);mrg  Mirage;IEM Sydney 2019;BigEvents;S
18;2/5/19;fnatic (16);Grayhound (2);ovp  Overpass;IEM Sydney 2019;BigEvents;S
19;2/5/19;MOUZ (16);BIG (4);inf  Inferno;IEM Sydney 2019;BigEvents;S
20;2/5/19;BIG (2);MOUZ (16);mrg  Mirage;IEM Sydney 2019;BigEvents;S
21;2/5/19;Ninjas in Pyjamas (14);Liquid (16);ovp  Overpass;IEM Sydney 2019;BigEvents;S
22;2/5/19;Liquid (16);Ninjas in Pyjamas (11);nuke  Nuke;IEM Sydney 2019;BigEvents;S
23;2/5/19;FaZe (14);Grayhound (16);ovp  Overpass;IEM Sydney 2019;BigEvents;S
24;2/5/19;FaZe (16);Grayhound (12);d2  Dust2;IEM Sydney 2019;BigEvents;S
25;2/5/19;FaZe (12);Grayhound (16);inf  Inferno;IEM Sydney 2019;BigEvents;S
26;2/5/19;fnatic (16);Chiefs (4);inf  Inferno;IEM Sydney 2019;BigEvents;S
27;2/5/19;Chiefs (9);fnatic (16);mrg  Mirage;IEM Sydney 2019;BigEvents;S
28;2/5/19;Chiefs (16);fnatic (14);d2  Dust2;IEM Sydney 2019;BigEvents;S
29;1/5/19;MVP PK (5);BIG (16);ovp  Overpass;IEM Sydney 2019;BigEvents;S
30;1/5/19;BIG (8);MVP PK (16);d2  Dust2;IEM Sydney 2019;BigEvents;S
31;1/5/19;BIG (16);MVP PK (7);inf  Inferno;IEM Sydney 2019;BigEvents;S
32;1/5/19;fnatic (9);MIBR (16);ovp  Overpass;IEM Sydney 2019;BigEvents;S
33;1/5/19;MIBR (16);fnatic (4);nuke  Nuke;IEM Sydney 2019;BigEvents;S
34;1/5/19;MOUZ (16);Renegades (7);inf  Inferno;IEM Sydney 2019;BigEvents;S
35;1/5/19;Renegades (12);MOUZ (16);trn  Train;IEM Sydney 2019;BigEvents;S
36;1/5/19;NRG (16);FaZe (11);mrg  Mirage;IEM Sydney 2019;BigEvents;S
37;1/5/19;FaZe (12);NRG (16);trn  Train;IEM Sydney 2019;BigEvents;S
38;1/5/19;Heroic (11);Grayhound (16);ovp  Overpass;IEM Sydney 2019;BigEvents;S
39;1/5/19;Heroic (16);Grayhound (5);mrg  Mirage;IEM Sydney 2019;BigEvents;S
40;1/5/19;Heroic (15);Grayhound (19);inf  Inferno;IEM Sydney 2019;BigEvents;S
41;1/5/19;ViCi (10);Chiefs (16);nuke  Nuke;IEM Sydney 2019;BigEvents;S
42;1/5/19;Chiefs (5);ViCi (16);inf  Inferno;IEM Sydney 2019;BigEvents;S
43;1/5/19;ViCi (14);Chiefs (16);d2  Dust2;IEM Sydney 2019;BigEvents;S
44;30/4/19;Ninjas in Pyjamas (16);Renegades (12);mrg  Mirage;IEM Sydney 2019;BigEvents;S
45;30/4/19;Renegades (4);Ninjas in Pyjamas (16);nuke  Nuke;IEM Sydney 2019;BigEvents;S
46;30/4/19;MVP PK (19);eUnited (17);ovp  Overpass;IEM Sydney 2019;BigEvents;S
47;30/4/19;eUnited (9);MVP PK (16);trn  Train;IEM Sydney 2019;BigEvents;S
48;30/4/19;BIG (3);Liquid (16);ovp  Overpass;IEM Sydney 2019;BigEvents;S
49;30/4/19;BIG (7);Liquid (16);d2  Dust2;IEM Sydney 2019;BigEvents;S
0;30/4/19;BOOT-d[S] (6);MOUZ (16);trn  Train;IEM Sydney 2019;BigEvents;S
1;30/4/19;MOUZ (16);BOOT-d[S] (2);mrg  Mirage;IEM Sydney 2019;BigEvents;S
2;30/4/19;MIBR (16);Grayhound (11);ovp  Overpass;IEM Sydney 2019;BigEvents;S
3;30/4/19;fnatic (16);Heroic (7);trn  Train;IEM Sydney 2019;BigEvents;S
4;30/4/19;NRG (16);ViCi (4);mrg  Mirage;IEM Sydney 2019;BigEvents;S
5;30/4/19;FaZe (16);Chiefs (5);d2  Dust2;IEM Sydney 2019;BigEvents;S
6;30/4/19;MVP PK (13);Renegades (16);inf  Inferno;IEM Sydney 2019;BigEvents;S
7;30/4/19;Ninjas in Pyjamas (16);eUnited (13);nuke  Nuke;IEM Sydney 2019;BigEvents;S
8;30/4/19;BIG (16);MOUZ (14);inf  Inferno;IEM Sydney 2019;BigEvents;S
9;30/4/19;BOOT-d[S] (9);Liquid (16);nuke  Nuke;IEM Sydney 2019;BigEvents;S
10;13/4/19;FaZe (16);Liquid (12);d2  Dust2;BLAST Pro Series Miami 2019;BigEvents;S
11;13/4/19;Liquid (6);FaZe (16);mrg  Mirage;BLAST Pro Series Miami 2019;BigEvents;S
12;13/4/19;Cloud9 (13);Natus Vincere (16);ovp  Overpass;BLAST Pro Series Miami 2019;BigEvents;S
13;13/4/19;MIBR (10);Liquid (16);ovp  Overpass;BLAST Pro Series Miami 2019;BigEvents;S
14;13/4/19;Astralis (5);FaZe (16);d2  Dust2;BLAST Pro Series Miami 2019;BigEvents;S
15;13/4/19;Astralis (14);Liquid (16);ovp  Overpass;BLAST Pro Series Miami 2019;BigEvents;S
16;13/4/19;FaZe (16);Natus Vincere (10);ovp  Overpass;BLAST Pro Series Miami 2019;BigEvents;S
17;13/4/19;Cloud9 (6);MIBR (16);cch  Cache;BLAST Pro Series Miami 2019;BigEvents;S
18;13/4/19;Liquid (16);Natus Vincere (12);inf  Inferno;BLAST Pro Series Miami 2019;BigEvents;S
19;13/4/19;Cloud9 (7);FaZe (16);ovp  Overpass;BLAST Pro Series Miami 2019;BigEvents;S
20;13/4/19;MIBR (16);Astralis (2);ovp  Overpass;BLAST Pro Series Miami 2019;BigEvents;S
21;13/4/19;Liquid (16);Cloud9 (14);ovp  Overpass;BLAST Pro Series Miami 2019;BigEvents;S
22;13/4/19;MIBR (15);FaZe (15);mrg  Mirage;BLAST Pro Series Miami 2019;BigEvents;S
23;13/4/19;Astralis (16);Natus Vincere (7);inf  Inferno;BLAST Pro Series Miami 2019;BigEvents;S
24;12/4/19;Astralis (16);Cloud9 (10);inf  Inferno;BLAST Pro Series Miami 2019;BigEvents;S
25;12/4/19;MIBR (8);Natus Vincere (16);nuke  Nuke;BLAST Pro Series Miami 2019;BigEvents;S
26;12/4/19;FaZe (5);Liquid (16);nuke  Nuke;BLAST Pro Series Miami 2019;BigEvents;S
27;7/4/19;Natus Vincere (16);fnatic (10);inf  Inferno;StarSeries i-League Season 7;BigEvents;S
28;7/4/19;Natus Vincere (16);fnatic (11);d2  Dust2;StarSeries i-League Season 7;BigEvents;S
29;7/4/19;fnatic (13);Natus Vincere (16);mrg  Mirage;StarSeries i-League Season 7;BigEvents;S
30;6/4/19;NRG (17);fnatic (19);ovp  Overpass;StarSeries i-League Season 7;BigEvents;S
31;6/4/19;NRG (17);fnatic (19);cch  Cache;StarSeries i-League Season 7;BigEvents;S
32;6/4/19;Natus Vincere (16);Renegades (4);trn  Train;StarSeries i-League Season 7;BigEvents;S
33;6/4/19;Renegades (16);Natus Vincere (8);mrg  Mirage;StarSeries i-League Season 7;BigEvents;S
34;6/4/19;Natus Vincere (16);Renegades (5);inf  Inferno;StarSeries i-League Season 7;BigEvents;S
35;6/4/19;ENCE (11);Natus Vincere (16);ovp  Overpass;StarSeries i-League Season 7;BigEvents;S
36;6/4/19;Natus Vincere (16);ENCE (12);inf  Inferno;StarSeries i-League Season 7;BigEvents;S
37;6/4/19;Natus Vincere (11);ENCE (16);trn  Train;StarSeries i-League Season 7;BigEvents;S
38;5/4/19;Ninjas in Pyjamas (5);Renegades (16);d2  Dust2;StarSeries i-League Season 7;BigEvents;S
39;5/4/19;Renegades (16);Ninjas in Pyjamas (11);mrg  Mirage;StarSeries i-League Season 7;BigEvents;S
40;5/4/19;fnatic (16);North (1);inf  Inferno;StarSeries i-League Season 7;BigEvents;S
41;5/4/19;fnatic (10);North (16);nuke  Nuke;StarSeries i-League Season 7;BigEvents;S
42;5/4/19;fnatic (16);North (6);mrg  Mirage;StarSeries i-League Season 7;BigEvents;S
43;5/4/19;Vitality (11);NRG (16);mrg  Mirage;StarSeries i-League Season 7;BigEvents;S
44;5/4/19;Vitality (23);NRG (25);ovp  Overpass;StarSeries i-League Season 7;BigEvents;S
45;3/4/19;FaZe (9);North (16);d2  Dust2;StarSeries i-League Season 7;BigEvents;S
46;3/4/19;North (16);FaZe (12);trn  Train;StarSeries i-League Season 7;BigEvents;S
47;3/4/19;BIG (4);NRG (16);cch  Cache;StarSeries i-League Season 7;BigEvents;S
48;3/4/19;BIG (13);NRG (16);mrg  Mirage;StarSeries i-League Season 7;BigEvents;S
49;3/4/19;Ninjas in Pyjamas (16);Spirit (14);nuke  Nuke;StarSeries i-League Season 7;BigEvents;S
0;3/4/19;Spirit (7);Ninjas in Pyjamas (16);d2  Dust2;StarSeries i-League Season 7;BigEvents;S
1;3/4/19;Ninjas in Pyjamas (12);Spirit (16);mrg  Mirage;StarSeries i-League Season 7;BigEvents;S
2;2/4/19;ENCE (16);FaZe (10);ovp  Overpass;StarSeries i-League Season 7;BigEvents;S
3;2/4/19;FaZe (10);ENCE (16);nuke  Nuke;StarSeries i-League Season 7;BigEvents;S
4;2/4/19;FaZe (22);ENCE (19);d2  Dust2;StarSeries i-League Season 7;BigEvents;S
5;2/4/19;NRG (13);Natus Vincere (16);mrg  Mirage;StarSeries i-League Season 7;BigEvents;S
6;2/4/19;Natus Vincere (16);NRG (9);inf  Inferno;StarSeries i-League Season 7;BigEvents;S
7;2/4/19;Vitality (16);Spirit (13);inf  Inferno;StarSeries i-League Season 7;BigEvents;S
8;2/4/19;Vitality (3);Spirit (16);d2  Dust2;StarSeries i-League Season 7;BigEvents;S
9;2/4/19;Vitality (16);Spirit (12);mrg  Mirage;StarSeries i-League Season 7;BigEvents;S
10;2/4/19;BIG (16);TYLOO (10);trn  Train;StarSeries i-League Season 7;BigEvents;S
11;2/4/19;BIG (16);TYLOO (13);d2  Dust2;StarSeries i-League Season 7;BigEvents;S
12;2/4/19;BIG (14);TYLOO (16);inf  Inferno;StarSeries i-League Season 7;BigEvents;S
13;2/4/19;ViCi (13);Ninjas in Pyjamas (16);trn  Train;StarSeries i-League Season 7;BigEvents;S
14;2/4/19;Ninjas in Pyjamas (16);ViCi (13);ovp  Overpass;StarSeries i-League Season 7;BigEvents;S
15;2/4/19;MIBR (8);North (16);inf  Inferno;StarSeries i-League Season 7;BigEvents;S
16;2/4/19;North (16);MIBR (10);ovp  Overpass;StarSeries i-League Season 7;BigEvents;S
17;1/4/19;FaZe (13);Renegades (16);inf  Inferno;StarSeries i-League Season 7;BigEvents;S
18;1/4/19;FaZe (16);Renegades (11);d2  Dust2;StarSeries i-League Season 7;BigEvents;S
19;1/4/19;FaZe (14);Renegades (16);trn  Train;StarSeries i-League Season 7;BigEvents;S
20;1/4/19;Vitality (12);fnatic (16);nuke  Nuke;StarSeries i-League Season 7;BigEvents;S
21;1/4/19;fnatic (16);Vitality (6);mrg  Mirage;StarSeries i-League Season 7;BigEvents;S
22;1/4/19;ViCi (6);ENCE (16);trn  Train;StarSeries i-League Season 7;BigEvents;S
23;1/4/19;ViCi (6);ENCE (16);inf  Inferno;StarSeries i-League Season 7;BigEvents;S
24;1/4/19;MIBR (7);NRG (16);mrg  Mirage;StarSeries i-League Season 7;BigEvents;S
25;1/4/19;MIBR (5);NRG (16);inf  Inferno;StarSeries i-League Season 7;BigEvents;S
26;1/4/19;Spirit (16);TYLOO (7);ovp  Overpass;StarSeries i-League Season 7;BigEvents;S
27;1/4/19;TYLOO (6);Spirit (16);inf  Inferno;StarSeries i-League Season 7;BigEvents;S
28;1/4/19;TYLOO (16);Spirit (9);mrg  Mirage;StarSeries i-League Season 7;BigEvents;S
29;1/4/19;Ninjas in Pyjamas (4);Natus Vincere (16);mrg  Mirage;StarSeries i-League Season 7;BigEvents;S
30;1/4/19;Natus Vincere (16);Ninjas in Pyjamas (13);nuke  Nuke;StarSeries i-League Season 7;BigEvents;S
31;1/4/19;Natus Vincere (11);Ninjas in Pyjamas (16);d2  Dust2;StarSeries i-League Season 7;BigEvents;S
32;1/4/19;BIG (16);paiN (14);inf  Inferno;StarSeries i-League Season 7;BigEvents;S
33;1/4/19;BIG (16);paiN (6);cch  Cache;StarSeries i-League Season 7;BigEvents;S
34;1/4/19;Panda (2);North (16);d2  Dust2;StarSeries i-League Season 7;BigEvents;S
35;1/4/19;Panda (17);North (19);trn  Train;StarSeries i-League Season 7;BigEvents;S
36;31/3/19;Vitality (16);ENCE (13);inf  Inferno;StarSeries i-League Season 7;BigEvents;S
37;31/3/19;Vitality (16);ENCE (4);d2  Dust2;StarSeries i-League Season 7;BigEvents;S
38;31/3/19;Vitality (10);ENCE (16);mrg  Mirage;StarSeries i-League Season 7;BigEvents;S
39;31/3/19;fnatic (19);NRG (15);nuke  Nuke;StarSeries i-League Season 7;BigEvents;S
40;31/3/19;NRG (13);fnatic (16);cch  Cache;StarSeries i-League Season 7;BigEvents;S
41;31/3/19;Renegades (16);MIBR (9);mrg  Mirage;StarSeries i-League Season 7;BigEvents;S
42;31/3/19;Renegades (8);MIBR (16);cch  Cache;StarSeries i-League Season 7;BigEvents;S
43;31/3/19;Renegades (16);MIBR (4);trn  Train;StarSeries i-League Season 7;BigEvents;S
44;31/3/19;ViCi (3);FaZe (16);ovp  Overpass;StarSeries i-League Season 7;BigEvents;S
45;31/3/19;ViCi (10);FaZe (16);d2  Dust2;StarSeries i-League Season 7;BigEvents;S
46;31/3/19;Natus Vincere (16);BIG (11);d2  Dust2;StarSeries i-League Season 7;BigEvents;S
47;31/3/19;Natus Vincere (16);BIG (4);mrg  Mirage;StarSeries i-League Season 7;BigEvents;S
48;31/3/19;Ninjas in Pyjamas (16);North (12);mrg  Mirage;StarSeries i-League Season 7;BigEvents;S
49;31/3/19;Ninjas in Pyjamas (12);North (16);trn  Train;StarSeries i-League Season 7;BigEvents;S
0;31/3/19;Ninjas in Pyjamas (16);North (14);nuke  Nuke;StarSeries i-League Season 7;BigEvents;S
1;31/3/19;Spirit (22);paiN (18);nuke  Nuke;StarSeries i-League Season 7;BigEvents;S
2;31/3/19;Spirit (16);paiN (9);mrg  Mirage;StarSeries i-League Season 7;BigEvents;S
3;31/3/19;paiN (22);Spirit (20);inf  Inferno;StarSeries i-League Season 7;BigEvents;S
4;31/3/19;Panda (8);TYLOO (16);d2  Dust2;StarSeries i-League Season 7;BigEvents;S
5;31/3/19;TYLOO (16);Panda (2);inf  Inferno;StarSeries i-League Season 7;BigEvents;S
6;30/3/19;Vitality (16);BIG (8);d2  Dust2;StarSeries i-League Season 7;BigEvents;S
7;30/3/19;Vitality (16);BIG (11);ovp  Overpass;StarSeries i-League Season 7;BigEvents;S
8;30/3/19;ViCi (16);Natus Vincere (7);nuke  Nuke;StarSeries i-League Season 7;BigEvents;S
9;30/3/19;Natus Vincere (16);ViCi (6);trn  Train;StarSeries i-League Season 7;BigEvents;S
10;30/3/19;ViCi (16);Natus Vincere (3);inf  Inferno;StarSeries i-League Season 7;BigEvents;S
11;30/3/19;Ninjas in Pyjamas (14);fnatic (16);mrg  Mirage;StarSeries i-League Season 7;BigEvents;S
12;30/3/19;Ninjas in Pyjamas (16);fnatic (19);cch  Cache;StarSeries i-League Season 7;BigEvents;S
13;30/3/19;fnatic (14);Ninjas in Pyjamas (16);ovp  Overpass;StarSeries i-League Season 7;BigEvents;S
14;30/3/19;Panda (5);MIBR (16);inf  Inferno;StarSeries i-League Season 7;BigEvents;S
15;30/3/19;Panda (6);MIBR (16);mrg  Mirage;StarSeries i-League Season 7;BigEvents;S
16;30/3/19;paiN (9);FaZe (16);mrg  Mirage;StarSeries i-League Season 7;BigEvents;S
17;30/3/19;FaZe (16);paiN (12);inf  Inferno;StarSeries i-League Season 7;BigEvents;S
18;30/3/19;TYLOO (13);Renegades (16);d2  Dust2;StarSeries i-League Season 7;BigEvents;S
19;30/3/19;TYLOO (13);Renegades (16);inf  Inferno;StarSeries i-League Season 7;BigEvents;S
20;30/3/19;NRG (16);North (0);trn  Train;StarSeries i-League Season 7;BigEvents;S
21;30/3/19;North (13);NRG (16);d2  Dust2;StarSeries i-League Season 7;BigEvents;S
22;30/3/19;North (16);NRG (14);inf  Inferno;StarSeries i-League Season 7;BigEvents;S
23;30/3/19;Spirit (13);ENCE (16);d2  Dust2;StarSeries i-League Season 7;BigEvents;S
24;30/3/19;Spirit (11);ENCE (16);nuke  Nuke;StarSeries i-League Season 7;BigEvents;S
25;23/3/19;Liquid (2);Astralis (16);ovp  Overpass;BLAST Pro Series São Paulo 2019;BigEvents;S
26;23/3/19;Liquid (8);Astralis (16);inf  Inferno;BLAST Pro Series São Paulo 2019;BigEvents;S
27;23/3/19;Astralis (13);Liquid (16);d2  Dust2;BLAST Pro Series São Paulo 2019;BigEvents;S
28;23/3/19;ENCE (15);Liquid (15);ovp  Overpass;BLAST Pro Series São Paulo 2019;BigEvents;S
29;23/3/19;Astralis (16);FaZe (13);d2  Dust2;BLAST Pro Series São Paulo 2019;BigEvents;S
30;23/3/19;MIBR (13);Ninjas in Pyjamas (16);trn  Train;BLAST Pro Series São Paulo 2019;BigEvents;S
31;23/3/19;Astralis (16);Ninjas in Pyjamas (12);d2  Dust2;BLAST Pro Series São Paulo 2019;BigEvents;S
32;23/3/19;FaZe (9);ENCE (16);nuke  Nuke;BLAST Pro Series São Paulo 2019;BigEvents;S
33;23/3/19;MIBR (2);Liquid (16);d2  Dust2;BLAST Pro Series São Paulo 2019;BigEvents;S
34;23/3/19;Astralis (16);MIBR (10);ovp  Overpass;BLAST Pro Series São Paulo 2019;BigEvents;S
35;23/3/19;FaZe (8);Liquid (16);cch  Cache;BLAST Pro Series São Paulo 2019;BigEvents;S
36;23/3/19;Ninjas in Pyjamas (7);ENCE (16);nuke  Nuke;BLAST Pro Series São Paulo 2019;BigEvents;S
37;23/3/19;ENCE (14);Astralis (16);d2  Dust2;BLAST Pro Series São Paulo 2019;BigEvents;S
38;23/3/19;MIBR (11);FaZe (16);nuke  Nuke;BLAST Pro Series São Paulo 2019;BigEvents;S
39;23/3/19;Liquid (16);Ninjas in Pyjamas (3);ovp  Overpass;BLAST Pro Series São Paulo 2019;BigEvents;S
40;22/3/19;Astralis (16);Liquid (13);d2  Dust2;BLAST Pro Series São Paulo 2019;BigEvents;S
41;22/3/19;ENCE (16);MIBR (9);trn  Train;BLAST Pro Series São Paulo 2019;BigEvents;S
42;22/3/19;Ninjas in Pyjamas (16);FaZe (7);mrg  Mirage;BLAST Pro Series São Paulo 2019;BigEvents;S
43;3/3/19;ENCE (4);Astralis (16);inf  Inferno;IEM Katowice 2019;BigEvents;S
44;3/3/19;Astralis (16);ENCE (11);trn  Train;IEM Katowice 2019;BigEvents;S
45;2/3/19;MIBR (7);Astralis (16);inf  Inferno;IEM Katowice 2019;BigEvents;S
46;2/3/19;Astralis (16);MIBR (14);ovp  Overpass;IEM Katowice 2019;BigEvents;S
47;2/3/19;Natus Vincere (14);ENCE (16);mrg  Mirage;IEM Katowice 2019;BigEvents;S
48;2/3/19;ENCE (3);Natus Vincere (16);d2  Dust2;IEM Katowice 2019;BigEvents;S
49;2/3/19;Natus Vincere (14);ENCE (16);trn  Train;IEM Katowice 2019;BigEvents;S
0;1/3/19;Ninjas in Pyjamas (14);Astralis (16);d2  Dust2;IEM Katowice 2019;BigEvents;S
1;1/3/19;Astralis (16);Ninjas in Pyjamas (2);mrg  Mirage;IEM Katowice 2019;BigEvents;S
2;1/3/19;Renegades (12);MIBR (16);trn  Train;IEM Katowice 2019;BigEvents;S
3;1/3/19;MIBR (16);Renegades (6);d2  Dust2;IEM Katowice 2019;BigEvents;S
4;28/2/19;ENCE (19);Liquid (16);inf  Inferno;IEM Katowice 2019;BigEvents;S
5;28/2/19;Liquid (11);ENCE (16);mrg  Mirage;IEM Katowice 2019;BigEvents;S
6;28/2/19;FaZe (7);Natus Vincere (16);mrg  Mirage;IEM Katowice 2019;BigEvents;S
7;28/2/19;Natus Vincere (16);FaZe (13);inf  Inferno;IEM Katowice 2019;BigEvents;S
8;24/2/19;Cloud9 (9);FaZe (16);d2  Dust2;IEM Katowice 2019;BigEvents;S
9;24/2/19;FaZe (16);Cloud9 (14);cch  Cache;IEM Katowice 2019;BigEvents;S
10;24/2/19;Ninjas in Pyjamas (16);Vitality (7);mrg  Mirage;IEM Katowice 2019;BigEvents;S
11;24/2/19;Vitality (16);Ninjas in Pyjamas (8);ovp  Overpass;IEM Katowice 2019;BigEvents;S
12;24/2/19;Ninjas in Pyjamas (16);Vitality (7);cch  Cache;IEM Katowice 2019;BigEvents;S
13;24/2/19;AVANGAR (7);ENCE (16);trn  Train;IEM Katowice 2019;BigEvents;S
14;24/2/19;ENCE (16);AVANGAR (12);mrg  Mirage;IEM Katowice 2019;BigEvents;S
15;23/2/19;HellRaisers (12);Cloud9 (16);cch  Cache;IEM Katowice 2019;BigEvents;S
16;23/2/19;Cloud9 (16);HellRaisers (8);inf  Inferno;IEM Katowice 2019;BigEvents;S
17;23/2/19;FaZe (16);Complexity (14);d2  Dust2;IEM Katowice 2019;BigEvents;S
18;23/2/19;Complexity (11);FaZe (16);mrg  Mirage;IEM Katowice 2019;BigEvents;S
19;23/2/19;FaZe (8);Complexity (16);cch  Cache;IEM Katowice 2019;BigEvents;S
20;23/2/19;G2 (10);ENCE (16);mrg  Mirage;IEM Katowice 2019;BigEvents;S
21;23/2/19;ENCE (19);G2 (17);d2  Dust2;IEM Katowice 2019;BigEvents;S
22;22/2/19;Ninjas in Pyjamas (14);MIBR (16);inf  Inferno;IEM Katowice 2019;BigEvents;S
23;22/2/19;MIBR (16);Ninjas in Pyjamas (6);trn  Train;IEM Katowice 2019;BigEvents;S
24;22/2/19;AVANGAR (11);Natus Vincere (16);trn  Train;IEM Katowice 2019;BigEvents;S
25;22/2/19;Natus Vincere (16);AVANGAR (6);d2  Dust2;IEM Katowice 2019;BigEvents;S
26;22/2/19;Renegades (16);Vitality (12);inf  Inferno;IEM Katowice 2019;BigEvents;S
27;22/2/19;Vitality (16);Renegades (11);cch  Cache;IEM Katowice 2019;BigEvents;S
28;22/2/19;Vitality (5);Renegades (16);d2  Dust2;IEM Katowice 2019;BigEvents;S
29;21/2/19;Liquid (16);Natus Vincere (9);d2  Dust2;IEM Katowice 2019;BigEvents;S
30;21/2/19;Liquid (16);Natus Vincere (14);mrg  Mirage;IEM Katowice 2019;BigEvents;S
31;21/2/19;NRG (16);Complexity (19);cch  Cache;IEM Katowice 2019;BigEvents;S
32;21/2/19;Complexity (22);NRG (19);nuke  Nuke;IEM Katowice 2019;BigEvents;S
33;21/2/19;Astralis (16);Renegades (2);inf  Inferno;IEM Katowice 2019;BigEvents;S
34;21/2/19;Renegades (9);Astralis (16);nuke  Nuke;IEM Katowice 2019;BigEvents;S
35;21/2/19;Astralis (17);Renegades (19);mrg  Mirage;IEM Katowice 2019;BigEvents;S
36;21/2/19;ENCE (16);BIG (10);ovp  Overpass;IEM Katowice 2019;BigEvents;S
37;21/2/19;BIG (14);ENCE (16);trn  Train;IEM Katowice 2019;BigEvents;S
38;21/2/19;ENCE (5);BIG (16);d2  Dust2;IEM Katowice 2019;BigEvents;S
39;21/2/19;Vitality (16);Cloud9 (14);mrg  Mirage;IEM Katowice 2019;BigEvents;S
40;21/2/19;Ninjas in Pyjamas (16);HellRaisers (5);ovp  Overpass;IEM Katowice 2019;BigEvents;S
41;21/2/19;FaZe (13);AVANGAR (16);mrg  Mirage;IEM Katowice 2019;BigEvents;S
42;21/2/19;MIBR (16);G2 (12);inf  Inferno;IEM Katowice 2019;BigEvents;S
43;21/2/19;Liquid (16);Ninjas in Pyjamas (13);ovp  Overpass;IEM Katowice 2019;BigEvents;S
44;20/2/19;Astralis (16);Cloud9 (0);trn  Train;IEM Katowice 2019;BigEvents;S
45;20/2/19;Natus Vincere (25);Vitality (22);mrg  Mirage;IEM Katowice 2019;BigEvents;S
46;20/2/19;FaZe (14);Renegades (16);inf  Inferno;IEM Katowice 2019;BigEvents;S
47;20/2/19;AVANGAR (16);NRG (13);ovp  Overpass;IEM Katowice 2019;BigEvents;S
48;20/2/19;MIBR (16);Complexity (9);mrg  Mirage;IEM Katowice 2019;BigEvents;S
49;20/2/19;ENCE (12);HellRaisers (16);d2  Dust2;IEM Katowice 2019;BigEvents;S
0;20/2/19;BIG (13);G2 (16);mrg  Mirage;IEM Katowice 2019;BigEvents;S
1;20/2/19;Cloud9 (16);MIBR (3);inf  Inferno;IEM Katowice 2019;BigEvents;S
2;20/2/19;Complexity (6);Astralis (16);nuke  Nuke;IEM Katowice 2019;BigEvents;S
3;20/2/19;Ninjas in Pyjamas (16);NRG (14);nuke  Nuke;IEM Katowice 2019;BigEvents;S
4;20/2/19;AVANGAR (12);Liquid (16);ovp  Overpass;IEM Katowice 2019;BigEvents;S
5;20/2/19;Natus Vincere (16);G2 (7);inf  Inferno;IEM Katowice 2019;BigEvents;S
6;20/2/19;HellRaisers (4);FaZe (16);trn  Train;IEM Katowice 2019;BigEvents;S
7;20/2/19;ENCE (13);Renegades (16);inf  Inferno;IEM Katowice 2019;BigEvents;S
8;20/2/19;BIG (11);Vitality (16);mrg  Mirage;IEM Katowice 2019;BigEvents;S
0;8/9/19;Astralis (16);AVANGAR (5);d2  Dust2;StarLadder Major Berlin 2019;Majors;S
1;8/9/19;AVANGAR (6);Astralis (16);inf  Inferno;StarLadder Major Berlin 2019;Majors;S
2;7/9/19;NRG (9);Astralis (16);ovp  Overpass;StarLadder Major Berlin 2019;Majors;S
3;7/9/19;Astralis (16);NRG (10);trn  Train;StarLadder Major Berlin 2019;Majors;S
4;7/9/19;Renegades (6);AVANGAR (16);d2  Dust2;StarLadder Major Berlin 2019;Majors;S
5;7/9/19;AVANGAR (22);Renegades (19);mrg  Mirage;StarLadder Major Berlin 2019;Majors;S
6;6/9/19;Astralis (16);Liquid (13);ovp  Overpass;StarLadder Major Berlin 2019;Majors;S
7;6/9/19;Liquid (8);Astralis (16);vtg  Vertigo;StarLadder Major Berlin 2019;Majors;S
8;6/9/19;NRG (19);Natus Vincere (17);mrg  Mirage;StarLadder Major Berlin 2019;Majors;S
9;6/9/19;Natus Vincere (12);NRG (16);d2  Dust2;StarLadder Major Berlin 2019;Majors;S
10;5/9/19;Vitality (10);AVANGAR (16);d2  Dust2;StarLadder Major Berlin 2019;Majors;S
11;5/9/19;Vitality (16);AVANGAR (11);inf  Inferno;StarLadder Major Berlin 2019;Majors;S
12;5/9/19;AVANGAR (16);Vitality (9);mrg  Mirage;StarLadder Major Berlin 2019;Majors;S
13;5/9/19;Renegades (16);ENCE (12);nuke  Nuke;StarLadder Major Berlin 2019;Majors;S
14;5/9/19;ENCE (5);Renegades (16);mrg  Mirage;StarLadder Major Berlin 2019;Majors;S
15;1/9/19;Natus Vincere (16);CR4ZY (4);nuke  Nuke;StarLadder Major Berlin 2019;Majors;S
16;1/9/19;CR4ZY (12);Natus Vincere (16);inf  Inferno;StarLadder Major Berlin 2019;Majors;S
17;1/9/19;Natus Vincere (11);CR4ZY (16);mrg  Mirage;StarLadder Major Berlin 2019;Majors;S
18;1/9/19;MOUZ (20);Liquid (22);d2  Dust2;StarLadder Major Berlin 2019;Majors;S
19;1/9/19;MOUZ (17);Liquid (19);mrg  Mirage;StarLadder Major Berlin 2019;Majors;S
20;1/9/19;G2 (9);Renegades (16);inf  Inferno;StarLadder Major Berlin 2019;Majors;S
21;1/9/19;Renegades (11);G2 (16);d2  Dust2;StarLadder Major Berlin 2019;Majors;S
22;1/9/19;Renegades (16);G2 (11);vtg  Vertigo;StarLadder Major Berlin 2019;Majors;S
23;31/8/19;North (6);Liquid (16);d2  Dust2;StarLadder Major Berlin 2019;Majors;S
24;31/8/19;North (12);Liquid (16);mrg  Mirage;StarLadder Major Berlin 2019;Majors;S
25;31/8/19;CR4ZY (5);Astralis (16);vtg  Vertigo;StarLadder Major Berlin 2019;Majors;S
26;31/8/19;CR4ZY (31);Astralis (29);d2  Dust2;StarLadder Major Berlin 2019;Majors;S
27;31/8/19;CR4ZY (11);Astralis (16);inf  Inferno;StarLadder Major Berlin 2019;Majors;S
28;31/8/19;MOUZ (10);Vitality (16);mrg  Mirage;StarLadder Major Berlin 2019;Majors;S
29;31/8/19;Vitality (16);MOUZ (5);vtg  Vertigo;StarLadder Major Berlin 2019;Majors;S
30;31/8/19;FaZe (14);Renegades (16);vtg  Vertigo;StarLadder Major Berlin 2019;Majors;S
31;31/8/19;Renegades (3);FaZe (16);nuke  Nuke;StarLadder Major Berlin 2019;Majors;S
32;31/8/19;FaZe (19);Renegades (22);mrg  Mirage;StarLadder Major Berlin 2019;Majors;S
33;31/8/19;MIBR (4);Natus Vincere (16);inf  Inferno;StarLadder Major Berlin 2019;Majors;S
34;31/8/19;Natus Vincere (16);MIBR (11);mrg  Mirage;StarLadder Major Berlin 2019;Majors;S
35;31/8/19;AVANGAR (16);G2 (9);ovp  Overpass;StarLadder Major Berlin 2019;Majors;S
36;31/8/19;G2 (11);AVANGAR (16);inf  Inferno;StarLadder Major Berlin 2019;Majors;S
37;31/8/19;G2 (16);AVANGAR (9);d2  Dust2;StarLadder Major Berlin 2019;Majors;S
38;30/8/19;North (16);Ninjas in Pyjamas (4);d2  Dust2;StarLadder Major Berlin 2019;Majors;S
39;30/8/19;Ninjas in Pyjamas (8);North (16);trn  Train;StarLadder Major Berlin 2019;Majors;S
40;30/8/19;NRG (16);Astralis (4);nuke  Nuke;StarLadder Major Berlin 2019;Majors;S
41;30/8/19;Astralis (28);NRG (31);trn  Train;StarLadder Major Berlin 2019;Majors;S
42;30/8/19;Renegades (16);DreamEaters (8);trn  Train;StarLadder Major Berlin 2019;Majors;S
43;30/8/19;DreamEaters (10);Renegades (16);mrg  Mirage;StarLadder Major Berlin 2019;Majors;S
44;30/8/19;ENCE (16);Vitality (7);d2  Dust2;StarLadder Major Berlin 2019;Majors;S
45;30/8/19;Vitality (10);ENCE (16);nuke  Nuke;StarLadder Major Berlin 2019;Majors;S
46;30/8/19;FaZe (9);CR4ZY (16);mrg  Mirage;StarLadder Major Berlin 2019;Majors;S
47;30/8/19;MIBR (4);G2 (16);inf  Inferno;StarLadder Major Berlin 2019;Majors;S
48;30/8/19;AVANGAR (22);Liquid (18);ovp  Overpass;StarLadder Major Berlin 2019;Majors;S
49;30/8/19;Natus Vincere (17);MOUZ (19);nuke  Nuke;StarLadder Major Berlin 2019;Majors;S
0;29/8/19;Astralis (16);G2 (7);nuke  Nuke;StarLadder Major Berlin 2019;Majors;S
1;29/8/19;MIBR (8);ENCE (16);inf  Inferno;StarLadder Major Berlin 2019;Majors;S
2;29/8/19;Vitality (16);FaZe (7);d2  Dust2;StarLadder Major Berlin 2019;Majors;S
3;29/8/19;Liquid (9);NRG (16);d2  Dust2;StarLadder Major Berlin 2019;Majors;S
4;29/8/19;North (13);MOUZ (16);inf  Inferno;StarLadder Major Berlin 2019;Majors;S
5;29/8/19;Ninjas in Pyjamas (10);CR4ZY (16);trn  Train;StarLadder Major Berlin 2019;Majors;S
6;29/8/19;Natus Vincere (16);DreamEaters (7);ovp  Overpass;StarLadder Major Berlin 2019;Majors;S
7;29/8/19;Renegades (13);AVANGAR (16);vtg  Vertigo;StarLadder Major Berlin 2019;Majors;S
8;28/8/19;MIBR (16);Ninjas in Pyjamas (12);d2  Dust2;StarLadder Major Berlin 2019;Majors;S
9;28/8/19;Natus Vincere (17);G2 (19);ovp  Overpass;StarLadder Major Berlin 2019;Majors;S
10;28/8/19;FaZe (16);MOUZ (8);mrg  Mirage;StarLadder Major Berlin 2019;Majors;S
11;28/8/19;Vitality (16);North (9);inf  Inferno;StarLadder Major Berlin 2019;Majors;S
12;28/8/19;CR4ZY (9);Liquid (16);mrg  Mirage;StarLadder Major Berlin 2019;Majors;S
13;28/8/19;NRG (16);Renegades (14);d2  Dust2;StarLadder Major Berlin 2019;Majors;S
14;28/8/19;Astralis (16);DreamEaters (9);d2  Dust2;StarLadder Major Berlin 2019;Majors;S
15;28/8/19;ENCE (16);AVANGAR (5);ovp  Overpass;StarLadder Major Berlin 2019;Majors;S
16;3/3/19;ENCE (4);Astralis (16);inf  Inferno;IEM Katowice 2019;Majors;S
17;3/3/19;Astralis (16);ENCE (11);trn  Train;IEM Katowice 2019;Majors;S
18;2/3/19;MIBR (7);Astralis (16);inf  Inferno;IEM Katowice 2019;Majors;S
19;2/3/19;Astralis (16);MIBR (14);ovp  Overpass;IEM Katowice 2019;Majors;S
20;2/3/19;Natus Vincere (14);ENCE (16);mrg  Mirage;IEM Katowice 2019;Majors;S
21;2/3/19;ENCE (3);Natus Vincere (16);d2  Dust2;IEM Katowice 2019;Majors;S
22;2/3/19;Natus Vincere (14);ENCE (16);trn  Train;IEM Katowice 2019;Majors;S
23;1/3/19;Ninjas in Pyjamas (14);Astralis (16);d2  Dust2;IEM Katowice 2019;Majors;S
24;1/3/19;Astralis (16);Ninjas in Pyjamas (2);mrg  Mirage;IEM Katowice 2019;Majors;S
25;1/3/19;Renegades (12);MIBR (16);trn  Train;IEM Katowice 2019;Majors;S
26;1/3/19;MIBR (16);Renegades (6);d2  Dust2;IEM Katowice 2019;Majors;S
27;28/2/19;ENCE (19);Liquid (16);inf  Inferno;IEM Katowice 2019;Majors;S
28;28/2/19;Liquid (11);ENCE (16);mrg  Mirage;IEM Katowice 2019;Majors;S
29;28/2/19;FaZe (7);Natus Vincere (16);mrg  Mirage;IEM Katowice 2019;Majors;S
30;28/2/19;Natus Vincere (16);FaZe (13);inf  Inferno;IEM Katowice 2019;Majors;S
31;24/2/19;Cloud9 (9);FaZe (16);d2  Dust2;IEM Katowice 2019;Majors;S
32;24/2/19;FaZe (16);Cloud9 (14);cch  Cache;IEM Katowice 2019;Majors;S
33;24/2/19;Ninjas in Pyjamas (16);Vitality (7);mrg  Mirage;IEM Katowice 2019;Majors;S
34;24/2/19;Vitality (16);Ninjas in Pyjamas (8);ovp  Overpass;IEM Katowice 2019;Majors;S
35;24/2/19;Ninjas in Pyjamas (16);Vitality (7);cch  Cache;IEM Katowice 2019;Majors;S
36;24/2/19;AVANGAR (7);ENCE (16);trn  Train;IEM Katowice 2019;Majors;S
37;24/2/19;ENCE (16);AVANGAR (12);mrg  Mirage;IEM Katowice 2019;Majors;S
38;23/2/19;HellRaisers (12);Cloud9 (16);cch  Cache;IEM Katowice 2019;Majors;S
39;23/2/19;Cloud9 (16);HellRaisers (8);inf  Inferno;IEM Katowice 2019;Majors;S
40;23/2/19;FaZe (16);Complexity (14);d2  Dust2;IEM Katowice 2019;Majors;S
41;23/2/19;Complexity (11);FaZe (16);mrg  Mirage;IEM Katowice 2019;Majors;S
42;23/2/19;FaZe (8);Complexity (16);cch  Cache;IEM Katowice 2019;Majors;S
43;23/2/19;G2 (10);ENCE (16);mrg  Mirage;IEM Katowice 2019;Majors;S
44;23/2/19;ENCE (19);G2 (17);d2  Dust2;IEM Katowice 2019;Majors;S
45;22/2/19;Ninjas in Pyjamas (14);MIBR (16);inf  Inferno;IEM Katowice 2019;Majors;S
46;22/2/19;MIBR (16);Ninjas in Pyjamas (6);trn  Train;IEM Katowice 2019;Majors;S
47;22/2/19;AVANGAR (11);Natus Vincere (16);trn  Train;IEM Katowice 2019;Majors;S
48;22/2/19;Natus Vincere (16);AVANGAR (6);d2  Dust2;IEM Katowice 2019;Majors;S
49;22/2/19;Renegades (16);Vitality (12);inf  Inferno;IEM Katowice 2019;Majors;S
0;22/2/19;Vitality (16);Renegades (11);cch  Cache;IEM Katowice 2019;Majors;S
1;22/2/19;Vitality (5);Renegades (16);d2  Dust2;IEM Katowice 2019;Majors;S
2;21/2/19;Liquid (16);Natus Vincere (9);d2  Dust2;IEM Katowice 2019;Majors;S
3;21/2/19;Liquid (16);Natus Vincere (14);mrg  Mirage;IEM Katowice 2019;Majors;S
4;21/2/19;NRG (16);Complexity (19);cch  Cache;IEM Katowice 2019;Majors;S
5;21/2/19;Complexity (22);NRG (19);nuke  Nuke;IEM Katowice 2019;Majors;S
6;21/2/19;Astralis (16);Renegades (2);inf  Inferno;IEM Katowice 2019;Majors;S
7;21/2/19;Renegades (9);Astralis (16);nuke  Nuke;IEM Katowice 2019;Majors;S
8;21/2/19;Astralis (17);Renegades (19);mrg  Mirage;IEM Katowice 2019;Majors;S
9;21/2/19;ENCE (16);BIG (10);ovp  Overpass;IEM Katowice 2019;Majors;S
10;21/2/19;BIG (14);ENCE (16);trn  Train;IEM Katowice 2019;Majors;S
11;21/2/19;ENCE (5);BIG (16);d2  Dust2;IEM Katowice 2019;Majors;S
12;21/2/19;Vitality (16);Cloud9 (14);mrg  Mirage;IEM Katowice 2019;Majors;S
13;21/2/19;Ninjas in Pyjamas (16);HellRaisers (5);ovp  Overpass;IEM Katowice 2019;Majors;S
14;21/2/19;FaZe (13);AVANGAR (16);mrg  Mirage;IEM Katowice 2019;Majors;S
15;21/2/19;MIBR (16);G2 (12);inf  Inferno;IEM Katowice 2019;Majors;S
16;21/2/19;Liquid (16);Ninjas in Pyjamas (13);ovp  Overpass;IEM Katowice 2019;Majors;S
17;20/2/19;Astralis (16);Cloud9 (0);trn  Train;IEM Katowice 2019;Majors;S
18;20/2/19;Natus Vincere (25);Vitality (22);mrg  Mirage;IEM Katowice 2019;Majors;S
19;20/2/19;FaZe (14);Renegades (16);inf  Inferno;IEM Katowice 2019;Majors;S
20;20/2/19;AVANGAR (16);NRG (13);ovp  Overpass;IEM Katowice 2019;Majors;S
21;20/2/19;MIBR (16);Complexity (9);mrg  Mirage;IEM Katowice 2019;Majors;S
22;20/2/19;ENCE (12);HellRaisers (16);d2  Dust2;IEM Katowice 2019;Majors;S
23;20/2/19;BIG (13);G2 (16);mrg  Mirage;IEM Katowice 2019;Majors;S
24;20/2/19;Cloud9 (16);MIBR (3);inf  Inferno;IEM Katowice 2019;Majors;S
25;20/2/19;Complexity (6);Astralis (16);nuke  Nuke;IEM Katowice 2019;Majors;S
26;20/2/19;Ninjas in Pyjamas (16);NRG (14);nuke  Nuke;IEM Katowice 2019;Majors;S
27;20/2/19;AVANGAR (12);Liquid (16);ovp  Overpass;IEM Katowice 2019;Majors;S
28;20/2/19;Natus Vincere (16);G2 (7);inf  Inferno;IEM Katowice 2019;Majors;S
29;20/2/19;HellRaisers (4);FaZe (16);trn  Train;IEM Katowice 2019;Majors;S
30;20/2/19;ENCE (13);Renegades (16);inf  Inferno;IEM Katowice 2019;Majors;S
31;20/2/19;BIG (11);Vitality (16);mrg  Mirage;IEM Katowice 2019;Majors;S
