;0;1;2;3;4;teams;date
0;Xyp9x;dupreeh;gla1ve;device;Magisk;Astralis;2019/january/7
1;Edward;Zeus;flamie;s1mple;electroNic;Natus Vincere;2019/january/7
2;nitr0;NAF;EliGE;Stewie2K;Twistzz;Liquid;2019/january/7
3;FalleN;tarik;fer;coldzera;TACO;MIBR;2019/january/7
4;oskar;chrisJ;suNny;STYKO;ropz;MOUZ;2019/january/7
5;f0rest;GeT_RiGhT;dennis;Lekr0;REZ;Ninjas in Pyjamas;2019/january/7
6;AdreN;olofmeister;GuardiaN;NiKo;rain;FaZe;2019/january/7
7;daps;FugLy;Brehze;Ethan;CeRq;NRG;2019/january/7
8;Xizt;JW;twist;KRIMZ;Brollan;fnatic;2019/january/7
9;cadiaN;aizy;Kjaerbye;gade;valde;North;2019/january/7
10;gob b;tabseN;tiziaN;XANTARES;smooya;BIG;2019/january/7
11;allu;Aerial;xseveN;Aleksib;sergej;ENCE;2019/january/7
12;jks;AZR;jkaem;Gratisfaction;Liazz;Renegades;2019/january/7
13;flusha;kioShiMa;RUSH;autimatic;Zellsis;Cloud9;2019/january/7
14;ANGE1;HObbit;woxic;DeadFox;ISSAA;HellRaisers;2019/january/7
15;MODDII;friberg;AcilioN;es3tag;mertz;Heroic;2019/january/7
16;JACKZ;shox;kennyS;bodyy;Lucky;G2;2019/january/7
17;fitch;buster;KrizzeN;Qikert;Jame;AVANGAR;2019/january/7
18;Snappi;cajunb;JUGi;k0nfig;refrezh;OpTic;2019/january/7
19;steel;koosta;Subroza;WARDELL;neptune;Ghost;2019/january/7
20;NBK-;RpK;apEX;ALEX;ZywOo;Vitality;2019/january/7
21;tonyblack;chopper;jR;hutji;crush;Vega Squadron;2019/january/7
22;to1nou;devoduvek;LOGAN;;;LDLC;2019/january/7
23;steel;HEN1;LUCAS1;boltz;NEKIZ;Luminosity;2019/january/7
24;Detrony;ELUSIVE;Sonic;Fadey;JT;Bravado;2019/january/7
25;Summer;BnTeT;Attacker;somebody;xccurate;TYLOO;2019/january/7
26;nak;exit;leo_drk;RCF;jnt;Sharks;2019/january/7
27;BARBARR;Baaten;ZINKEN;nawwk;Plopski;x6tence Galaxy;2019/january/7
28;facecrack;almazer;FL1T;xsepower;Jerry;forZe;2019/january/7
29;bubble;v1c7oR;blocker;SHiPZ;poizon;Windigo;2019/january/7
0;Xyp9x;dupreeh;gla1ve;device;Magisk;Astralis;2019/january/14
1;Edward;Zeus;flamie;s1mple;electroNic;Natus Vincere;2019/january/14
2;nitr0;NAF;EliGE;Stewie2K;Twistzz;Liquid;2019/january/14
3;oskar;chrisJ;suNny;STYKO;ropz;MOUZ;2019/january/14
4;FalleN;fer;coldzera;TACO;felps;MIBR;2019/january/14
5;f0rest;GeT_RiGhT;dennis;Lekr0;REZ;Ninjas in Pyjamas;2019/january/14
6;AdreN;olofmeister;GuardiaN;NiKo;rain;FaZe;2019/january/14
7;daps;FugLy;Brehze;Ethan;CeRq;NRG;2019/january/14
8;Xizt;JW;twist;KRIMZ;Brollan;fnatic;2019/january/14
9;cadiaN;aizy;Kjaerbye;gade;valde;North;2019/january/14
10;allu;Aerial;xseveN;Aleksib;sergej;ENCE;2019/january/14
11;gob b;tabseN;tiziaN;XANTARES;smooya;BIG;2019/january/14
12;jks;AZR;jkaem;Gratisfaction;Liazz;Renegades;2019/january/14
13;ANGE1;HObbit;woxic;DeadFox;ISSAA;HellRaisers;2019/january/14
14;flusha;kioShiMa;RUSH;autimatic;Zellsis;Cloud9;2019/january/14
15;JACKZ;shox;kennyS;bodyy;Lucky;G2;2019/january/14
16;MODDII;friberg;AcilioN;es3tag;mertz;Heroic;2019/january/14
17;fitch;buster;KrizzeN;Qikert;Jame;AVANGAR;2019/january/14
18;Snappi;cajunb;JUGi;k0nfig;refrezh;OpTic;2019/january/14
19;steel;koosta;Subroza;WARDELL;neptune;Ghost;2019/january/14
20;tonyblack;chopper;jR;hutji;crush;Vega Squadron;2019/january/14
21;Detrony;ELUSIVE;Sonic;Fadey;JT;Bravado;2019/january/14
22;NBK-;RpK;apEX;ALEX;ZywOo;Vitality;2019/january/14
23;nak;exit;leo_drk;RCF;jnt;Sharks;2019/january/14
24;to1nou;devoduvek;LOGAN;;;LDLC;2019/january/14
25;BARBARR;Baaten;ZINKEN;nawwk;Plopski;x6tence Galaxy;2019/january/14
26;Summer;BnTeT;Attacker;somebody;xccurate;TYLOO;2019/january/14
27;facecrack;almazer;FL1T;xsepower;Jerry;forZe;2019/january/14
28;steel;HEN1;LUCAS1;boltz;NEKIZ;Luminosity;2019/january/14
29;n0thing;ShahZaM;dephh;stanislaw;Rickeh;Complexity;2019/january/14
0;Xyp9x;dupreeh;gla1ve;device;Magisk;Astralis;2019/january/21
1;nitr0;NAF;EliGE;Stewie2K;Twistzz;Liquid;2019/january/21
2;Edward;Zeus;flamie;s1mple;electroNic;Natus Vincere;2019/january/21
3;oskar;chrisJ;suNny;STYKO;ropz;MOUZ;2019/january/21
4;AdreN;olofmeister;GuardiaN;NiKo;rain;FaZe;2019/january/21
5;FalleN;fer;coldzera;TACO;felps;MIBR;2019/january/21
6;f0rest;GeT_RiGhT;dennis;Lekr0;REZ;Ninjas in Pyjamas;2019/january/21
7;Xizt;JW;twist;KRIMZ;Brollan;fnatic;2019/january/21
8;daps;FugLy;Brehze;Ethan;CeRq;NRG;2019/january/21
9;allu;Aerial;xseveN;Aleksib;sergej;ENCE;2019/january/21
10;cadiaN;aizy;Kjaerbye;gade;valde;North;2019/january/21
11;jks;AZR;jkaem;Gratisfaction;Liazz;Renegades;2019/january/21
12;gob b;tabseN;tiziaN;XANTARES;smooya;BIG;2019/january/21
13;flusha;kioShiMa;RUSH;autimatic;Zellsis;Cloud9;2019/january/21
14;steel;freakazoid;koosta;WARDELL;neptune;Ghost;2019/january/21
15;ANGE1;HObbit;woxic;DeadFox;ISSAA;HellRaisers;2019/january/21
16;fitch;buster;KrizzeN;Qikert;Jame;AVANGAR;2019/january/21
17;JACKZ;shox;kennyS;bodyy;Lucky;G2;2019/january/21
18;NBK-;RpK;apEX;ALEX;ZywOo;Vitality;2019/january/21
19;to1nou;matHEND;xms;devoduvek;LOGAN;LDLC;2019/january/21
20;Detrony;ELUSIVE;Sonic;Fadey;JT;Bravado;2019/january/21
21;Snappi;cajunb;JUGi;k0nfig;refrezh;OpTic;2019/january/21
22;DavCost;Dimaoneshot;S0tF1k;COLDYY1;sdy;Spirit;2019/january/21
23;nak;exit;leo_drk;RCF;jnt;Sharks;2019/january/21
24;BARBARR;Baaten;ZINKEN;nawwk;Plopski;x6tence Galaxy;2019/january/21
25;friberg;AcilioN;es3tag;mertz;blameF;Heroic;2019/january/21
26;facecrack;almazer;FL1T;xsepower;Jerry;forZe;2019/january/21
27;huNter-;LETN1;nexa;ottoNd;EspiranTo;Valiance;2019/january/21
28;Summer;BnTeT;Attacker;somebody;xccurate;TYLOO;2019/january/21
29;bubble;v1c7oR;blocker;SHiPZ;poizon;Windigo;2019/january/21
0;Xyp9x;dupreeh;gla1ve;device;Magisk;Astralis;2019/january/28
1;nitr0;NAF;EliGE;Stewie2K;Twistzz;Liquid;2019/january/28
2;Edward;Zeus;flamie;s1mple;electroNic;Natus Vincere;2019/january/28
3;AdreN;olofmeister;GuardiaN;NiKo;rain;FaZe;2019/january/28
4;oskar;chrisJ;suNny;STYKO;ropz;MOUZ;2019/january/28
5;FalleN;fer;coldzera;TACO;felps;MIBR;2019/january/28
6;daps;FugLy;Brehze;Ethan;CeRq;NRG;2019/january/28
7;Xizt;JW;twist;KRIMZ;Brollan;fnatic;2019/january/28
8;f0rest;GeT_RiGhT;dennis;Lekr0;REZ;Ninjas in Pyjamas;2019/january/28
9;flusha;kioShiMa;RUSH;autimatic;Zellsis;Cloud9;2019/january/28
10;jks;AZR;jkaem;Gratisfaction;Liazz;Renegades;2019/january/28
11;cadiaN;aizy;Kjaerbye;gade;valde;North;2019/january/28
12;gob b;tabseN;tiziaN;XANTARES;smooya;BIG;2019/january/28
13;allu;Aerial;xseveN;Aleksib;sergej;ENCE;2019/january/28
14;steel;freakazoid;koosta;WARDELL;neptune;Ghost;2019/january/28
15;ANGE1;HObbit;woxic;DeadFox;ISSAA;HellRaisers;2019/january/28
16;fitch;buster;KrizzeN;Qikert;Jame;AVANGAR;2019/january/28
17;JACKZ;shox;kennyS;bodyy;Lucky;G2;2019/january/28
18;NBK-;RpK;apEX;ALEX;ZywOo;Vitality;2019/january/28
19;DavCost;Dimaoneshot;S0tF1k;COLDYY1;sdy;Spirit;2019/january/28
20;Snappi;cajunb;JUGi;k0nfig;refrezh;OpTic;2019/january/28
21;nak;exit;leo_drk;RCF;jnt;Sharks;2019/january/28
22;to1nou;matHEND;xms;devoduvek;LOGAN;LDLC;2019/january/28
23;huNter-;LETN1;nexa;ottoNd;EspiranTo;Valiance;2019/january/28
24;arT;yuurih;VINI;KSCERATO;ableJ;FURIA;2019/january/28
25;bubble;v1c7oR;blocker;SHiPZ;poizon;Windigo;2019/january/28
26;facecrack;almazer;FL1T;xsepower;Jerry;forZe;2019/january/28
27;Davidp;DEVIL;hAdji;Maka;JiNKZ;3DMAX;2019/january/28
28;Summer;BnTeT;Attacker;somebody;xccurate;TYLOO;2019/january/28
29;steel;HEN1;LUCAS1;boltz;NEKIZ;Luminosity;2019/january/28
0;Xyp9x;dupreeh;gla1ve;device;Magisk;Astralis;2019/february/4
1;nitr0;NAF;EliGE;Stewie2K;Twistzz;Liquid;2019/february/4
2;Edward;Zeus;flamie;s1mple;electroNic;Natus Vincere;2019/february/4
3;AdreN;olofmeister;GuardiaN;NiKo;rain;FaZe;2019/february/4
4;Xizt;JW;twist;KRIMZ;Brollan;fnatic;2019/february/4
5;daps;FugLy;Brehze;Ethan;CeRq;NRG;2019/february/4
6;flusha;kioShiMa;RUSH;autimatic;Zellsis;Cloud9;2019/february/4
7;FalleN;fer;coldzera;TACO;felps;MIBR;2019/february/4
8;oskar;suNny;ropz;;;MOUZ;2019/february/4
9;f0rest;GeT_RiGhT;dennis;Lekr0;REZ;Ninjas in Pyjamas;2019/february/4
10;cadiaN;aizy;Kjaerbye;gade;valde;North;2019/february/4
11;allu;Aerial;xseveN;Aleksib;sergej;ENCE;2019/february/4
12;jks;AZR;jkaem;Gratisfaction;Liazz;Renegades;2019/february/4
13;NBK-;RpK;apEX;ALEX;ZywOo;Vitality;2019/february/4
14;gob b;tabseN;tiziaN;nex;XANTARES;BIG;2019/february/4
15;steel;freakazoid;koosta;WARDELL;neptune;Ghost;2019/february/4
16;JACKZ;shox;kennyS;bodyy;Lucky;G2;2019/february/4
17;ANGE1;HObbit;woxic;DeadFox;ISSAA;HellRaisers;2019/february/4
18;huNter-;LETN1;nexa;ottoNd;EspiranTo;Valiance;2019/february/4
19;DavCost;Dimaoneshot;S0tF1k;COLDYY1;sdy;Spirit;2019/february/4
20;arT;yuurih;VINI;KSCERATO;ableJ;FURIA;2019/february/4
21;fitch;buster;KrizzeN;Qikert;Jame;AVANGAR;2019/february/4
22;facecrack;almazer;FL1T;xsepower;Jerry;forZe;2019/february/4
23;Snappi;cajunb;JUGi;k0nfig;refrezh;OpTic;2019/february/4
24;nak;exit;leo_drk;RCF;jnt;Sharks;2019/february/4
25;bubble;v1c7oR;blocker;SHiPZ;poizon;Windigo;2019/february/4
26;WorldEdit;wayLander;Kvik;Boombl4;n0rb3r7;Winstrike;2019/february/4
27;to1nou;matHEND;xms;devoduvek;LOGAN;LDLC;2019/february/4
28;Summer;BnTeT;Attacker;somebody;xccurate;TYLOO;2019/february/4
29;Davidp;DEVIL;hAdji;Maka;JiNKZ;3DMAX;2019/february/4
0;Xyp9x;dupreeh;gla1ve;device;Magisk;Astralis;2019/february/11
1;nitr0;NAF;EliGE;Stewie2K;Twistzz;Liquid;2019/february/11
2;Edward;Zeus;flamie;s1mple;electroNic;Natus Vincere;2019/february/11
3;AdreN;olofmeister;GuardiaN;NiKo;rain;FaZe;2019/february/11
4;daps;FugLy;Brehze;Ethan;CeRq;NRG;2019/february/11
5;Xizt;JW;twist;KRIMZ;Brollan;fnatic;2019/february/11
6;cadiaN;aizy;Kjaerbye;gade;valde;North;2019/february/11
7;flusha;kioShiMa;RUSH;autimatic;Zellsis;Cloud9;2019/february/11
8;FalleN;fer;coldzera;TACO;felps;MIBR;2019/february/11
9;oskar;suNny;ropz;;;MOUZ;2019/february/11
10;allu;Aerial;xseveN;Aleksib;sergej;ENCE;2019/february/11
11;gob b;tabseN;tiziaN;nex;XANTARES;BIG;2019/february/11
12;jks;AZR;jkaem;Gratisfaction;Liazz;Renegades;2019/february/11
13;f0rest;GeT_RiGhT;dennis;Lekr0;REZ;Ninjas in Pyjamas;2019/february/11
14;NBK-;RpK;apEX;ALEX;ZywOo;Vitality;2019/february/11
15;steel;freakazoid;koosta;WARDELL;neptune;Ghost;2019/february/11
16;DavCost;Dimaoneshot;S0tF1k;COLDYY1;sdy;Spirit;2019/february/11
17;fitch;buster;KrizzeN;Qikert;Jame;AVANGAR;2019/february/11
18;JACKZ;shox;kennyS;bodyy;Lucky;G2;2019/february/11
19;huNter-;LETN1;nexa;ottoNd;EspiranTo;Valiance;2019/february/11
20;ANGE1;HObbit;woxic;DeadFox;ISSAA;HellRaisers;2019/february/11
21;dexter;erkaSt;malta;sterling;DickStacy;Grayhound;2019/february/11
22;arT;yuurih;VINI;KSCERATO;ableJ;FURIA;2019/february/11
23;Davidp;DEVIL;hAdji;Maka;JiNKZ;3DMAX;2019/february/11
24;friberg;AcilioN;es3tag;mertz;blameF;Heroic;2019/february/11
25;facecrack;almazer;FL1T;xsepower;Jerry;forZe;2019/february/11
26;steel;HEN1;LUCAS1;boltz;NEKIZ;Luminosity;2019/february/11
27;WorldEdit;wayLander;Kvik;Boombl4;n0rb3r7;Winstrike;2019/february/11
28;syrsoN;Spiidi;denis;mirbit;faveN;Sprout;2019/february/11
29;BARBARR;freddieb;Baaten;nawwk;Plopski;x6tence Galaxy;2019/february/11
0;Xyp9x;dupreeh;gla1ve;device;Magisk;Astralis;2019/february/18
1;nitr0;NAF;EliGE;Stewie2K;Twistzz;Liquid;2019/february/18
2;Edward;Zeus;flamie;s1mple;electroNic;Natus Vincere;2019/february/18
3;daps;FugLy;Brehze;Ethan;CeRq;NRG;2019/february/18
4;AdreN;olofmeister;GuardiaN;NiKo;rain;FaZe;2019/february/18
5;f0rest;GeT_RiGhT;dennis;Lekr0;REZ;Ninjas in Pyjamas;2019/february/18
6;flusha;kioShiMa;RUSH;autimatic;Zellsis;Cloud9;2019/february/18
7;jks;AZR;jkaem;Gratisfaction;Liazz;Renegades;2019/february/18
8;allu;Aerial;xseveN;Aleksib;sergej;ENCE;2019/february/18
9;cadiaN;aizy;Kjaerbye;gade;valde;North;2019/february/18
10;FalleN;fer;coldzera;TACO;felps;MIBR;2019/february/18
11;NBK-;RpK;apEX;ALEX;ZywOo;Vitality;2019/february/18
12;Xizt;JW;twist;KRIMZ;Brollan;fnatic;2019/february/18
13;gob b;tabseN;tiziaN;nex;XANTARES;BIG;2019/february/18
14;oskar;suNny;ropz;;;MOUZ;2019/february/18
15;fitch;buster;KrizzeN;Qikert;Jame;AVANGAR;2019/february/18
16;JACKZ;shox;kennyS;bodyy;Lucky;G2;2019/february/18
17;steel;freakazoid;koosta;WARDELL;neptune;Ghost;2019/february/18
18;WorldEdit;wayLander;Kvik;Boombl4;n0rb3r7;Winstrike;2019/february/18
19;Summer;BnTeT;Attacker;somebody;xccurate;TYLOO;2019/february/18
20;ANGE1;HObbit;woxic;DeadFox;ISSAA;HellRaisers;2019/february/18
21;huNter-;LETN1;nexa;ottoNd;EspiranTo;Valiance;2019/february/18
22;advent;zhokiNg;aumaN;Kaze;Freeman;ViCi;2019/february/18
23;arT;yuurih;VINI;KSCERATO;ableJ;FURIA;2019/february/18
24;friberg;AcilioN;es3tag;mertz;blameF;Heroic;2019/february/18
25;facecrack;almazer;FL1T;xsepower;Jerry;forZe;2019/february/18
26;DavCost;Dimaoneshot;S0tF1k;COLDYY1;sdy;Spirit;2019/february/18
27;dexter;erkaSt;malta;sterling;DickStacy;Grayhound;2019/february/18
28;steel;HEN1;LUCAS1;boltz;NEKIZ;Luminosity;2019/february/18
29;Snappi;cajunb;JUGi;k0nfig;refrezh;OpTic;2019/february/18
0;Xyp9x;dupreeh;gla1ve;device;Magisk;Astralis;2019/february/25
1;nitr0;NAF;EliGE;Stewie2K;Twistzz;Liquid;2019/february/25
2;Edward;Zeus;flamie;s1mple;electroNic;Natus Vincere;2019/february/25
3;FalleN;fer;coldzera;TACO;felps;MIBR;2019/february/25
4;AdreN;olofmeister;GuardiaN;NiKo;rain;FaZe;2019/february/25
5;f0rest;GeT_RiGhT;dennis;Lekr0;REZ;Ninjas in Pyjamas;2019/february/25
6;daps;FugLy;Brehze;Ethan;CeRq;NRG;2019/february/25
7;jks;AZR;jkaem;Gratisfaction;Liazz;Renegades;2019/february/25
8;allu;Aerial;xseveN;Aleksib;sergej;ENCE;2019/february/25
9;flusha;kioShiMa;RUSH;autimatic;Zellsis;Cloud9;2019/february/25
10;cadiaN;aizy;Kjaerbye;gade;valde;North;2019/february/25
11;NBK-;RpK;apEX;ALEX;ZywOo;Vitality;2019/february/25
12;Xizt;JW;twist;KRIMZ;Brollan;fnatic;2019/february/25
13;oskar;suNny;ropz;;;MOUZ;2019/february/25
14;gob b;tabseN;tiziaN;nex;XANTARES;BIG;2019/february/25
15;steel;freakazoid;koosta;WARDELL;neptune;Ghost;2019/february/25
16;fitch;buster;KrizzeN;Qikert;Jame;AVANGAR;2019/february/25
17;JACKZ;shox;kennyS;bodyy;Lucky;G2;2019/february/25
18;ANGE1;HObbit;woxic;DeadFox;ISSAA;HellRaisers;2019/february/25
19;huNter-;LETN1;nexa;ottoNd;EspiranTo;Valiance;2019/february/25
20;WorldEdit;wayLander;Kvik;Boombl4;n0rb3r7;Winstrike;2019/february/25
21;Summer;BnTeT;Attacker;somebody;xccurate;TYLOO;2019/february/25
22;arT;yuurih;VINI;KSCERATO;ableJ;FURIA;2019/february/25
23;friberg;AcilioN;es3tag;mertz;blameF;Heroic;2019/february/25
24;advent;zhokiNg;aumaN;Kaze;Freeman;ViCi;2019/february/25
25;facecrack;almazer;FL1T;xsepower;Jerry;forZe;2019/february/25
26;DavCost;Dimaoneshot;S0tF1k;COLDYY1;sdy;Spirit;2019/february/25
27;dexter;erkaSt;malta;sterling;DickStacy;Grayhound;2019/february/25
28;n0thing;ShahZaM;dephh;stanislaw;Rickeh;Complexity;2019/february/25
29;Snappi;cajunb;JUGi;k0nfig;refrezh;OpTic;2019/february/25
0;Xyp9x;dupreeh;gla1ve;device;Magisk;Astralis;2019/march/4
1;nitr0;NAF;EliGE;Stewie2K;Twistzz;Liquid;2019/march/4
2;Edward;Zeus;flamie;s1mple;electroNic;Natus Vincere;2019/march/4
3;allu;Aerial;xseveN;Aleksib;sergej;ENCE;2019/march/4
4;FalleN;fer;coldzera;TACO;felps;MIBR;2019/march/4
5;AdreN;olofmeister;GuardiaN;NiKo;rain;FaZe;2019/march/4
6;jks;AZR;jkaem;Gratisfaction;Liazz;Renegades;2019/march/4
7;f0rest;GeT_RiGhT;dennis;Lekr0;REZ;Ninjas in Pyjamas;2019/march/4
8;kioShiMa;RUSH;autimatic;Golden;Zellsis;Cloud9;2019/march/4
9;NBK-;RpK;apEX;ALEX;ZywOo;Vitality;2019/march/4
10;daps;tarik;Brehze;Ethan;CeRq;NRG;2019/march/4
11;cadiaN;aizy;Kjaerbye;gade;valde;North;2019/march/4
12;fitch;buster;KrizzeN;Qikert;Jame;AVANGAR;2019/march/4
13;Xizt;JW;twist;KRIMZ;Brollan;fnatic;2019/march/4
14;oskar;suNny;ropz;;;MOUZ;2019/march/4
15;JACKZ;shox;kennyS;bodyy;Lucky;G2;2019/march/4
16;steel;freakazoid;koosta;WARDELL;neptune;Ghost;2019/march/4
17;gob b;tabseN;tiziaN;nex;XANTARES;BIG;2019/march/4
18;ANGE1;HObbit;woxic;DeadFox;ISSAA;HellRaisers;2019/march/4
19;huNter-;LETN1;nexa;ottoNd;EspiranTo;Valiance;2019/march/4
20;arT;yuurih;VINI;KSCERATO;ableJ;FURIA;2019/march/4
21;WorldEdit;wayLander;Kvik;Boombl4;n0rb3r7;Winstrike;2019/march/4
22;Summer;BnTeT;Attacker;somebody;xccurate;TYLOO;2019/march/4
23;facecrack;almazer;FL1T;xsepower;Jerry;forZe;2019/march/4
24;advent;zhokiNg;aumaN;Kaze;Freeman;ViCi;2019/march/4
25;friberg;AcilioN;es3tag;mertz;blameF;Heroic;2019/march/4
26;n0thing;ShahZaM;dephh;stanislaw;Rickeh;Complexity;2019/march/4
27;dexter;erkaSt;malta;sterling;DickStacy;Grayhound;2019/march/4
28;syrsoN;Spiidi;denis;mirbit;faveN;Sprout;2019/march/4
29;bubble;v1c7oR;blocker;SHiPZ;poizon;Windigo;2019/march/4
0;Xyp9x;dupreeh;gla1ve;device;Magisk;Astralis;2019/march/11
1;nitr0;NAF;EliGE;Stewie2K;Twistzz;Liquid;2019/march/11
2;Edward;Zeus;flamie;s1mple;electroNic;Natus Vincere;2019/march/11
3;allu;Aerial;xseveN;Aleksib;sergej;ENCE;2019/march/11
4;FalleN;fer;coldzera;TACO;felps;MIBR;2019/march/11
5;AdreN;olofmeister;GuardiaN;NiKo;rain;FaZe;2019/march/11
6;jks;AZR;jkaem;Gratisfaction;Liazz;Renegades;2019/march/11
7;f0rest;GeT_RiGhT;draken;Lekr0;REZ;Ninjas in Pyjamas;2019/march/11
8;kioShiMa;RUSH;autimatic;Golden;;Cloud9;2019/march/11
9;NBK-;RpK;apEX;ALEX;ZywOo;Vitality;2019/march/11
10;daps;tarik;Brehze;Ethan;CeRq;NRG;2019/march/11
11;cadiaN;aizy;Kjaerbye;gade;valde;North;2019/march/11
12;fitch;buster;KrizzeN;Qikert;Jame;AVANGAR;2019/march/11
13;Xizt;JW;twist;KRIMZ;Brollan;fnatic;2019/march/11
14;steel;freakazoid;koosta;WARDELL;neptune;Ghost;2019/march/11
15;gob b;tabseN;tiziaN;nex;XANTARES;BIG;2019/march/11
16;JACKZ;shox;kennyS;AMANEK;Lucky;G2;2019/march/11
17;huNter-;LETN1;nexa;ottoNd;EspiranTo;Valiance;2019/march/11
18;arT;yuurih;VINI;KSCERATO;ableJ;FURIA;2019/march/11
19;oskar;suNny;ropz;;;MOUZ;2019/march/11
20;facecrack;almazer;FL1T;xsepower;Jerry;forZe;2019/march/11
21;ANGE1;HObbit;woxic;DeadFox;ISSAA;HellRaisers;2019/march/11
22;WorldEdit;wayLander;Kvik;Boombl4;n0rb3r7;Winstrike;2019/march/11
23;advent;zhokiNg;aumaN;Kaze;Freeman;ViCi;2019/march/11
24;Summer;BnTeT;Attacker;somebody;xccurate;TYLOO;2019/march/11
25;n0thing;ShahZaM;dephh;stanislaw;Rickeh;Complexity;2019/march/11
26;syrsoN;Spiidi;denis;mirbit;faveN;Sprout;2019/march/11
27;friberg;es3tag;mertz;stavn;blameF;Heroic;2019/march/11
28;kNgV-;xand;DeStiNy;yel;chelo;INTZ;2019/march/11
29;bubble;v1c7oR;blocker;SHiPZ;poizon;Windigo;2019/march/11
0;Xyp9x;dupreeh;gla1ve;device;Magisk;Astralis;2019/march/18
1;nitr0;NAF;EliGE;Stewie2K;Twistzz;Liquid;2019/march/18
2;Edward;Zeus;flamie;s1mple;electroNic;Natus Vincere;2019/march/18
3;allu;Aerial;xseveN;Aleksib;sergej;ENCE;2019/march/18
4;AdreN;olofmeister;GuardiaN;NiKo;rain;FaZe;2019/march/18
5;FalleN;fer;coldzera;TACO;felps;MIBR;2019/march/18
6;jks;AZR;jkaem;Gratisfaction;Liazz;Renegades;2019/march/18
7;f0rest;GeT_RiGhT;draken;Lekr0;REZ;Ninjas in Pyjamas;2019/march/18
8;NBK-;RpK;apEX;ALEX;ZywOo;Vitality;2019/march/18
9;kioShiMa;RUSH;autimatic;Golden;;Cloud9;2019/march/18
10;daps;tarik;Brehze;Ethan;CeRq;NRG;2019/march/18
11;cadiaN;aizy;Kjaerbye;gade;valde;North;2019/march/18
12;fitch;SANJI;buster;Qikert;Jame;AVANGAR;2019/march/18
13;Xizt;JW;twist;KRIMZ;Brollan;fnatic;2019/march/18
14;JACKZ;shox;kennyS;AMANEK;Lucky;G2;2019/march/18
15;bubble;v1c7oR;blocker;SHiPZ;poizon;Windigo;2019/march/18
16;steel;freakazoid;koosta;WARDELL;neptune;Ghost;2019/march/18
17;gob b;tabseN;tiziaN;nex;XANTARES;BIG;2019/march/18
18;arT;yuurih;VINI;KSCERATO;ableJ;FURIA;2019/march/18
19;SZPERO;Furlan;GruBy;phr;kaper;AGO;2019/march/18
20;huNter-;LETN1;nexa;ottoNd;EspiranTo;Valiance;2019/march/18
21;n0thing;ShahZaM;dephh;stanislaw;Rickeh;Complexity;2019/march/18
22;advent;zhokiNg;aumaN;Kaze;Freeman;ViCi;2019/march/18
23;facecrack;almazer;FL1T;xsepower;Jerry;forZe;2019/march/18
24;Summer;BnTeT;Attacker;somebody;xccurate;TYLOO;2019/march/18
25;WorldEdit;wayLander;Kvik;Boombl4;n0rb3r7;Winstrike;2019/march/18
26;Snappi;cajunb;JUGi;k0nfig;refrezh;OpTic;2019/march/18
27;syrsoN;Spiidi;denis;mirbit;faveN;Sprout;2019/march/18
28;friberg;es3tag;mertz;stavn;blameF;Heroic;2019/march/18
29;kNgV-;xand;DeStiNy;yel;chelo;INTZ;2019/march/18
0;Xyp9x;dupreeh;gla1ve;device;Magisk;Astralis;2019/march/25
1;nitr0;NAF;EliGE;Stewie2K;Twistzz;Liquid;2019/march/25
2;allu;Aerial;xseveN;Aleksib;sergej;ENCE;2019/march/25
3;Edward;Zeus;flamie;s1mple;electroNic;Natus Vincere;2019/march/25
4;AdreN;olofmeister;GuardiaN;NiKo;rain;FaZe;2019/march/25
5;f0rest;GeT_RiGhT;draken;Lekr0;REZ;Ninjas in Pyjamas;2019/march/25
6;FalleN;fer;coldzera;TACO;felps;MIBR;2019/march/25
7;jks;AZR;jkaem;Gratisfaction;Liazz;Renegades;2019/march/25
8;cadiaN;aizy;Kjaerbye;gade;valde;North;2019/march/25
9;NBK-;RpK;apEX;ALEX;ZywOo;Vitality;2019/march/25
10;daps;tarik;Brehze;Ethan;CeRq;NRG;2019/march/25
11;kioShiMa;RUSH;autimatic;vice;Golden;Cloud9;2019/march/25
12;JACKZ;shox;kennyS;AMANEK;Lucky;G2;2019/march/25
13;fitch;SANJI;buster;Qikert;Jame;AVANGAR;2019/march/25
14;Xizt;JW;twist;KRIMZ;Brollan;fnatic;2019/march/25
15;bubble;v1c7oR;blocker;SHiPZ;poizon;Windigo;2019/march/25
16;steel;freakazoid;koosta;WARDELL;neptune;Ghost;2019/march/25
17;gob b;tabseN;tiziaN;nex;XANTARES;BIG;2019/march/25
18;arT;yuurih;VINI;KSCERATO;ableJ;FURIA;2019/march/25
19;SZPERO;Furlan;GruBy;phr;kaper;AGO;2019/march/25
20;huNter-;LETN1;nexa;ottoNd;EspiranTo;Valiance;2019/march/25
21;ShahZaM;dephh;stanislaw;Rickeh;SicK;Complexity;2019/march/25
22;friberg;es3tag;mertz;stavn;blameF;Heroic;2019/march/25
23;Summer;BnTeT;Attacker;somebody;xccurate;TYLOO;2019/march/25
24;facecrack;almazer;FL1T;xsepower;Jerry;forZe;2019/march/25
25;Snappi;cajunb;JUGi;k0nfig;refrezh;OpTic;2019/march/25
26;WorldEdit;wayLander;Kvik;Boombl4;n0rb3r7;Winstrike;2019/march/25
27;advent;zhokiNg;aumaN;Kaze;Freeman;ViCi;2019/march/25
28;ANGE1;oskar;HObbit;ISSAA;;HellRaisers;2019/march/25
29;syrsoN;Spiidi;denis;mirbit;faveN;Sprout;2019/march/25
0;Xyp9x;dupreeh;gla1ve;device;Magisk;Astralis;2019/april/1
1;nitr0;NAF;EliGE;Stewie2K;Twistzz;Liquid;2019/april/1
2;allu;Aerial;xseveN;Aleksib;sergej;ENCE;2019/april/1
3;Edward;Zeus;flamie;s1mple;electroNic;Natus Vincere;2019/april/1
4;AdreN;olofmeister;GuardiaN;NiKo;rain;FaZe;2019/april/1
5;f0rest;GeT_RiGhT;draken;Lekr0;REZ;Ninjas in Pyjamas;2019/april/1
6;jks;AZR;jkaem;Gratisfaction;Liazz;Renegades;2019/april/1
7;FalleN;fer;coldzera;TACO;felps;MIBR;2019/april/1
8;NBK-;RpK;apEX;ALEX;ZywOo;Vitality;2019/april/1
9;cadiaN;aizy;Kjaerbye;gade;valde;North;2019/april/1
10;daps;tarik;Brehze;Ethan;CeRq;NRG;2019/april/1
11;Xizt;JW;twist;KRIMZ;Brollan;fnatic;2019/april/1
12;JACKZ;shox;kennyS;AMANEK;Lucky;G2;2019/april/1
13;fitch;SANJI;buster;Qikert;Jame;AVANGAR;2019/april/1
14;bubble;v1c7oR;blocker;SHiPZ;poizon;Windigo;2019/april/1
15;steel;freakazoid;koosta;WARDELL;neptune;Ghost;2019/april/1
16;huNter-;LETN1;nexa;ottoNd;EspiranTo;Valiance;2019/april/1
17;gob b;tabseN;tiziaN;nex;XANTARES;BIG;2019/april/1
18;arT;yuurih;VINI;KSCERATO;ableJ;FURIA;2019/april/1
19;SZPERO;Furlan;GruBy;phr;kaper;AGO;2019/april/1
20;friberg;es3tag;mertz;stavn;blameF;Heroic;2019/april/1
21;Summer;BnTeT;Attacker;somebody;xccurate;TYLOO;2019/april/1
22;ShahZaM;dephh;stanislaw;Rickeh;SicK;Complexity;2019/april/1
23;advent;zhokiNg;aumaN;Kaze;Freeman;ViCi;2019/april/1
24;facecrack;almazer;FL1T;xsepower;Jerry;forZe;2019/april/1
25;syrsoN;Spiidi;denis;mirbit;faveN;Sprout;2019/april/1
26;bondik;WorldEdit;Kvik;Boombl4;n0rb3r7;Winstrike;2019/april/1
27;CRUC1AL;Surreal;SPELLAN;k1to;broky;Epsilon;2019/april/1
28;ANGE1;oskar;HObbit;ISSAA;;HellRaisers;2019/april/1
29;chopper;S0tF1k;COLDYY1;sdy;iDISBALANCE;Spirit;2019/april/1
0;Xyp9x;dupreeh;gla1ve;device;Magisk;Astralis;2019/april/8
1;Edward;Zeus;flamie;s1mple;electroNic;Natus Vincere;2019/april/8
2;nitr0;NAF;EliGE;Stewie2K;Twistzz;Liquid;2019/april/8
3;allu;Aerial;xseveN;Aleksib;sergej;ENCE;2019/april/8
4;jks;AZR;jkaem;Gratisfaction;Liazz;Renegades;2019/april/8
5;f0rest;GeT_RiGhT;draken;Lekr0;REZ;Ninjas in Pyjamas;2019/april/8
6;AdreN;olofmeister;GuardiaN;NiKo;rain;FaZe;2019/april/8
7;Xizt;JW;twist;KRIMZ;Brollan;fnatic;2019/april/8
8;FalleN;fer;coldzera;TACO;felps;MIBR;2019/april/8
9;daps;tarik;Brehze;Ethan;CeRq;NRG;2019/april/8
10;NBK-;RpK;apEX;ALEX;ZywOo;Vitality;2019/april/8
11;cadiaN;aizy;Kjaerbye;gade;valde;North;2019/april/8
12;bubble;v1c7oR;blocker;SHiPZ;poizon;Windigo;2019/april/8
13;JACKZ;shox;kennyS;AMANEK;Lucky;G2;2019/april/8
14;fitch;SANJI;buster;Qikert;Jame;AVANGAR;2019/april/8
15;huNter-;LETN1;nexa;ottoNd;EspiranTo;Valiance;2019/april/8
16;steel;freakazoid;koosta;WARDELL;neptune;Ghost;2019/april/8
17;gob b;tabseN;tiziaN;nex;XANTARES;BIG;2019/april/8
18;arT;yuurih;VINI;KSCERATO;ableJ;FURIA;2019/april/8
19;SZPERO;Furlan;GruBy;phr;kaper;AGO;2019/april/8
20;friberg;es3tag;mertz;stavn;blameF;Heroic;2019/april/8
21;Summer;BnTeT;Attacker;somebody;xccurate;TYLOO;2019/april/8
22;ShahZaM;dephh;stanislaw;Rickeh;SicK;Complexity;2019/april/8
23;advent;zhokiNg;aumaN;Kaze;Freeman;ViCi;2019/april/8
24;chopper;S0tF1k;COLDYY1;sdy;iDISBALANCE;Spirit;2019/april/8
25;facecrack;almazer;FL1T;xsepower;Jerry;forZe;2019/april/8
26;CRUC1AL;Surreal;SPELLAN;k1to;broky;Epsilon;2019/april/8
27;ANGE1;oskar;loWel;HObbit;ISSAA;HellRaisers;2019/april/8
28;syrsoN;Spiidi;denis;mirbit;faveN;Sprout;2019/april/8
29;TaZ;MINISE;rallen;mouz;dycha;devils.one;2019/april/8
0;Xyp9x;dupreeh;gla1ve;device;Magisk;Astralis;2019/april/15
1;nitr0;NAF;EliGE;Stewie2K;Twistzz;Liquid;2019/april/15
2;Edward;Zeus;flamie;s1mple;electroNic;Natus Vincere;2019/april/15
3;allu;Aerial;xseveN;Aleksib;sergej;ENCE;2019/april/15
4;AdreN;olofmeister;GuardiaN;NiKo;rain;FaZe;2019/april/15
5;FalleN;fer;coldzera;TACO;felps;MIBR;2019/april/15
6;jks;AZR;jkaem;Gratisfaction;Liazz;Renegades;2019/april/15
7;f0rest;GeT_RiGhT;dennis;Lekr0;REZ;Ninjas in Pyjamas;2019/april/15
8;Xizt;JW;twist;KRIMZ;Brollan;fnatic;2019/april/15
9;NBK-;RpK;apEX;ALEX;ZywOo;Vitality;2019/april/15
10;daps;tarik;Brehze;Ethan;CeRq;NRG;2019/april/15
11;cadiaN;aizy;Kjaerbye;gade;valde;North;2019/april/15
12;bubble;v1c7oR;blocker;SHiPZ;poizon;Windigo;2019/april/15
13;JACKZ;shox;kennyS;AMANEK;Lucky;G2;2019/april/15
14;huNter-;LETN1;nexa;ottoNd;EspiranTo;Valiance;2019/april/15
15;fitch;SANJI;buster;Qikert;Jame;AVANGAR;2019/april/15
16;steel;freakazoid;koosta;WARDELL;neptune;Ghost;2019/april/15
17;gob b;tabseN;tiziaN;nex;XANTARES;BIG;2019/april/15
18;arT;yuurih;VINI;KSCERATO;ableJ;FURIA;2019/april/15
19;SZPERO;Furlan;GruBy;phr;kaper;AGO;2019/april/15
20;friberg;es3tag;mertz;stavn;blameF;Heroic;2019/april/15
21;CRUC1AL;Surreal;SPELLAN;k1to;broky;Epsilon;2019/april/15
22;karrigan;chrisJ;woxic;frozen;ropz;MOUZ;2019/april/15
23;syrsoN;Spiidi;denis;mirbit;faveN;Sprout;2019/april/15
24;ShahZaM;dephh;stanislaw;Rickeh;SicK;Complexity;2019/april/15
25;chopper;S0tF1k;COLDYY1;sdy;iDISBALANCE;Spirit;2019/april/15
26;Summer;BnTeT;Attacker;somebody;xccurate;TYLOO;2019/april/15
27;Snappi;MSL;k0nfig;niko;refrezh;OpTic;2019/april/15
28;advent;zhokiNg;aumaN;Kaze;Freeman;ViCi;2019/april/15
29;facecrack;almazer;FL1T;xsepower;Jerry;forZe;2019/april/15
0;Xyp9x;dupreeh;gla1ve;device;Magisk;Astralis;2019/april/22
1;nitr0;NAF;EliGE;Stewie2K;Twistzz;Liquid;2019/april/22
2;Edward;Zeus;flamie;s1mple;electroNic;Natus Vincere;2019/april/22
3;AdreN;olofmeister;GuardiaN;NiKo;rain;FaZe;2019/april/22
4;allu;Aerial;xseveN;Aleksib;sergej;ENCE;2019/april/22
5;FalleN;fer;coldzera;TACO;felps;MIBR;2019/april/22
6;jks;AZR;jkaem;Gratisfaction;Liazz;Renegades;2019/april/22
7;f0rest;GeT_RiGhT;dennis;Lekr0;REZ;Ninjas in Pyjamas;2019/april/22
8;Xizt;JW;twist;KRIMZ;Brollan;fnatic;2019/april/22
9;NBK-;RpK;apEX;ALEX;ZywOo;Vitality;2019/april/22
10;daps;tarik;Brehze;Ethan;CeRq;NRG;2019/april/22
11;cadiaN;aizy;Kjaerbye;gade;valde;North;2019/april/22
12;JACKZ;shox;kennyS;AMANEK;Lucky;G2;2019/april/22
13;bubble;v1c7oR;blocker;SHiPZ;poizon;Windigo;2019/april/22
14;fitch;SANJI;buster;Qikert;Jame;AVANGAR;2019/april/22
15;arT;yuurih;VINI;KSCERATO;ableJ;FURIA;2019/april/22
16;huNter-;LETN1;nexa;ottoNd;EspiranTo;Valiance;2019/april/22
17;friberg;es3tag;mertz;stavn;blameF;Heroic;2019/april/22
18;gob b;tabseN;tiziaN;nex;XANTARES;BIG;2019/april/22
19;facecrack;almazer;FL1T;xsepower;Jerry;forZe;2019/april/22
20;karrigan;chrisJ;woxic;frozen;ropz;MOUZ;2019/april/22
21;syrsoN;Spiidi;denis;mirbit;faveN;Sprout;2019/april/22
22;SZPERO;Furlan;GruBy;phr;kaper;AGO;2019/april/22
23;CRUC1AL;Surreal;SPELLAN;k1to;broky;Epsilon;2019/april/22
24;Snappi;MSL;k0nfig;niko;refrezh;OpTic;2019/april/22
25;chopper;S0tF1k;COLDYY1;sdy;iDISBALANCE;Spirit;2019/april/22
26;ShahZaM;dephh;stanislaw;Rickeh;SicK;Complexity;2019/april/22
27;TaZ;MINISE;rallen;mouz;dycha;devils.one;2019/april/22
28;HUNDEN;Bubzkji;b0RUP;acoR;sjuush;Tricked;2019/april/22
29;Summer;BnTeT;Attacker;somebody;xccurate;TYLOO;2019/april/22
0;Xyp9x;dupreeh;gla1ve;device;Magisk;Astralis;2019/april/29
1;nitr0;NAF;EliGE;Stewie2K;Twistzz;Liquid;2019/april/29
2;Edward;Zeus;flamie;s1mple;electroNic;Natus Vincere;2019/april/29
3;AdreN;olofmeister;GuardiaN;NiKo;rain;FaZe;2019/april/29
4;allu;Aerial;xseveN;Aleksib;sergej;ENCE;2019/april/29
5;jks;AZR;jkaem;Gratisfaction;Liazz;Renegades;2019/april/29
6;FalleN;fer;coldzera;TACO;felps;MIBR;2019/april/29
7;f0rest;GeT_RiGhT;dennis;Lekr0;REZ;Ninjas in Pyjamas;2019/april/29
8;NBK-;RpK;apEX;ALEX;ZywOo;Vitality;2019/april/29
9;Xizt;JW;twist;KRIMZ;Brollan;fnatic;2019/april/29
10;daps;tarik;Brehze;Ethan;CeRq;NRG;2019/april/29
11;cadiaN;aizy;Kjaerbye;gade;valde;North;2019/april/29
12;JACKZ;shox;kennyS;AMANEK;Lucky;G2;2019/april/29
13;fitch;SANJI;buster;Qikert;Jame;AVANGAR;2019/april/29
14;bubble;v1c7oR;blocker;SHiPZ;poizon;Windigo;2019/april/29
15;arT;yuurih;VINI;KSCERATO;ableJ;FURIA;2019/april/29
16;huNter-;LETN1;nexa;ottoNd;EspiranTo;Valiance;2019/april/29
17;friberg;es3tag;mertz;stavn;blameF;Heroic;2019/april/29
18;gob b;tabseN;tiziaN;nex;XANTARES;BIG;2019/april/29
19;facecrack;almazer;FL1T;xsepower;Jerry;forZe;2019/april/29
20;karrigan;chrisJ;woxic;frozen;ropz;MOUZ;2019/april/29
21;Snappi;MSL;k0nfig;niko;refrezh;OpTic;2019/april/29
22;syrsoN;Spiidi;denis;mirbit;faveN;Sprout;2019/april/29
23;TaZ;MINISE;rallen;mouz;dycha;Aristocracy;2019/april/29
24;SZPERO;Furlan;GruBy;phr;kaper;AGO;2019/april/29
25;CRUC1AL;Surreal;SPELLAN;k1to;broky;Epsilon;2019/april/29
26;ShahZaM;dephh;stanislaw;Rickeh;SicK;Complexity;2019/april/29
27;HUNDEN;Bubzkji;b0RUP;acoR;sjuush;Tricked;2019/april/29
28;chopper;S0tF1k;COLDYY1;sdy;iDISBALANCE;Spirit;2019/april/29
29;Summer;BnTeT;Attacker;somebody;xccurate;TYLOO;2019/april/29
0;Xyp9x;dupreeh;gla1ve;device;Magisk;Astralis;2019/may/6
1;nitr0;NAF;EliGE;Stewie2K;Twistzz;Liquid;2019/may/6
2;Edward;Zeus;flamie;s1mple;electroNic;Natus Vincere;2019/may/6
3;AdreN;olofmeister;GuardiaN;NiKo;rain;FaZe;2019/may/6
4;allu;Aerial;xseveN;Aleksib;sergej;ENCE;2019/may/6
5;Xizt;JW;twist;KRIMZ;Brollan;fnatic;2019/may/6
6;FalleN;fer;coldzera;TACO;felps;MIBR;2019/may/6
7;daps;tarik;Brehze;Ethan;CeRq;NRG;2019/may/6
8;f0rest;GeT_RiGhT;dennis;Lekr0;REZ;Ninjas in Pyjamas;2019/may/6
9;jks;AZR;jkaem;Gratisfaction;Liazz;Renegades;2019/may/6
10;NBK-;RpK;apEX;ALEX;ZywOo;Vitality;2019/may/6
11;karrigan;chrisJ;woxic;frozen;ropz;MOUZ;2019/may/6
12;JACKZ;shox;kennyS;AMANEK;Lucky;G2;2019/may/6
13;fitch;SANJI;buster;Qikert;Jame;AVANGAR;2019/may/6
14;aizy;Kjaerbye;JUGi;gade;valde;North;2019/may/6
15;bubble;v1c7oR;blocker;SHiPZ;poizon;Windigo;2019/may/6
16;arT;yuurih;VINI;KSCERATO;ableJ;FURIA;2019/may/6
17;gob b;tabseN;tiziaN;nex;XANTARES;BIG;2019/may/6
18;Sico;dexter;erkaSt;malta;DickStacy;Grayhound;2019/may/6
19;huNter-;LETN1;nexa;ottoNd;EspiranTo;Valiance;2019/may/6
20;friberg;es3tag;mertz;stavn;blameF;Heroic;2019/may/6
21;Snappi;MSL;k0nfig;niko;refrezh;OpTic;2019/may/6
22;facecrack;almazer;FL1T;xsepower;Jerry;forZe;2019/may/6
23;TaZ;MINISE;rallen;mouz;dycha;Aristocracy;2019/may/6
24;chopper;S0tF1k;COLDYY1;sdy;iDISBALANCE;Spirit;2019/may/6
25;zeff;XigN;HSK;xeta;stax;MVP PK;2019/may/6
26;syrsoN;Spiidi;denis;mirbit;faveN;Sprout;2019/may/6
27;ShahZaM;dephh;stanislaw;Rickeh;SicK;Complexity;2019/may/6
28;SZPERO;Furlan;GruBy;phr;kaper;AGO;2019/may/6
29;HUNDEN;Bubzkji;b0RUP;acoR;sjuush;Tricked;2019/may/6
0;Xyp9x;dupreeh;gla1ve;device;Magisk;Astralis;2019/may/13
1;nitr0;NAF;EliGE;Stewie2K;Twistzz;Liquid;2019/may/13
2;allu;Aerial;xseveN;Aleksib;sergej;ENCE;2019/may/13
3;Edward;Zeus;flamie;s1mple;electroNic;Natus Vincere;2019/may/13
4;Xizt;JW;twist;KRIMZ;Brollan;fnatic;2019/may/13
5;f0rest;GeT_RiGhT;dennis;Lekr0;REZ;Ninjas in Pyjamas;2019/may/13
6;NEO;olofmeister;GuardiaN;NiKo;rain;FaZe;2019/may/13
7;FalleN;fer;coldzera;TACO;felps;MIBR;2019/may/13
8;daps;tarik;Brehze;Ethan;CeRq;NRG;2019/may/13
9;jks;AZR;jkaem;Gratisfaction;Liazz;Renegades;2019/may/13
10;NBK-;RpK;apEX;ALEX;ZywOo;Vitality;2019/may/13
11;karrigan;chrisJ;woxic;frozen;ropz;MOUZ;2019/may/13
12;fitch;SANJI;buster;Qikert;Jame;AVANGAR;2019/may/13
13;aizy;Kjaerbye;JUGi;gade;valde;North;2019/may/13
14;JACKZ;shox;kennyS;AMANEK;Lucky;G2;2019/may/13
15;arT;yuurih;VINI;KSCERATO;ableJ;FURIA;2019/may/13
16;bubble;v1c7oR;blocker;SHiPZ;poizon;Windigo;2019/may/13
17;gob b;tabseN;tiziaN;nex;XANTARES;BIG;2019/may/13
18;Sico;dexter;erkaSt;malta;DickStacy;Grayhound;2019/may/13
19;huNter-;LETN1;nexa;ottoNd;EspiranTo;Valiance;2019/may/13
20;friberg;es3tag;NaToSaphiX;stavn;blameF;Heroic;2019/may/13
21;Snappi;MSL;k0nfig;niko;refrezh;OpTic;2019/may/13
22;zeff;XigN;HSK;xeta;stax;MVP PK;2019/may/13
23;TaZ;MINISE;rallen;mouz;dycha;Aristocracy;2019/may/13
24;facecrack;almazer;FL1T;xsepower;Jerry;forZe;2019/may/13
25;chopper;S0tF1k;COLDYY1;sdy;iDISBALANCE;Spirit;2019/may/13
26;HUNDEN;Bubzkji;b0RUP;acoR;sjuush;Tricked;2019/may/13
27;ShahZaM;dephh;stanislaw;Rickeh;SicK;Complexity;2019/may/13
28;steel;freakazoid;koosta;WARDELL;neptune;Ghost;2019/may/13
29;SZPERO;Furlan;GruBy;phr;kaper;AGO;2019/may/13
0;Xyp9x;dupreeh;gla1ve;device;Magisk;Astralis;2019/may/20
1;nitr0;NAF;EliGE;Stewie2K;Twistzz;Liquid;2019/may/20
2;allu;Aerial;xseveN;Aleksib;sergej;ENCE;2019/may/20
3;Edward;Zeus;flamie;s1mple;electroNic;Natus Vincere;2019/may/20
4;Xizt;JW;twist;KRIMZ;Brollan;fnatic;2019/may/20
5;FalleN;fer;coldzera;TACO;felps;MIBR;2019/may/20
6;f0rest;GeT_RiGhT;dennis;Lekr0;REZ;Ninjas in Pyjamas;2019/may/20
7;NEO;olofmeister;GuardiaN;NiKo;rain;FaZe;2019/may/20
8;daps;tarik;Brehze;Ethan;CeRq;NRG;2019/may/20
9;jks;AZR;jkaem;Gratisfaction;Liazz;Renegades;2019/may/20
10;NBK-;RpK;apEX;ALEX;ZywOo;Vitality;2019/may/20
11;karrigan;chrisJ;woxic;frozen;ropz;MOUZ;2019/may/20
12;fitch;SANJI;buster;Qikert;Jame;AVANGAR;2019/may/20
13;huNter-;LETN1;nexa;ottoNd;EspiranTo;Valiance;2019/may/20
14;JACKZ;shox;kennyS;AMANEK;Lucky;G2;2019/may/20
15;aizy;Kjaerbye;JUGi;gade;valde;North;2019/may/20
16;Sico;dexter;erkaSt;malta;DickStacy;Grayhound;2019/may/20
17;arT;yuurih;VINI;KSCERATO;ableJ;FURIA;2019/may/20
18;bubble;v1c7oR;blocker;SHiPZ;poizon;Windigo;2019/may/20
19;gob b;tabseN;tiziaN;denis;XANTARES;BIG;2019/may/20
20;ANGE1;oskar;loWel;ISSAA;nukkye;HellRaisers;2019/may/20
21;Snappi;MSL;k0nfig;niko;refrezh;OpTic;2019/may/20
22;friberg;es3tag;NaToSaphiX;stavn;blameF;Heroic;2019/may/20
23;facecrack;almazer;FL1T;xsepower;Jerry;forZe;2019/may/20
24;zeff;XigN;HSK;xeta;stax;MVP PK;2019/may/20
25;steel;freakazoid;koosta;WARDELL;neptune;Ghost;2019/may/20
26;HUNDEN;Bubzkji;b0RUP;acoR;sjuush;Tricked;2019/may/20
27;TaZ;MINISE;rallen;mouz;dycha;Aristocracy;2019/may/20
28;ShahZaM;dephh;stanislaw;Rickeh;SicK;Complexity;2019/may/20
29;SZPERO;Furlan;GruBy;phr;kaper;AGO;2019/may/20
0;Xyp9x;dupreeh;gla1ve;device;Magisk;Astralis;2019/may/27
1;nitr0;NAF;EliGE;Stewie2K;Twistzz;Liquid;2019/may/27
2;allu;Aerial;xseveN;Aleksib;sergej;ENCE;2019/may/27
3;Edward;Zeus;flamie;s1mple;electroNic;Natus Vincere;2019/may/27
4;NBK-;RpK;apEX;ALEX;ZywOo;Vitality;2019/may/27
5;FalleN;fer;coldzera;TACO;felps;MIBR;2019/may/27
6;Xizt;JW;twist;KRIMZ;Brollan;fnatic;2019/may/27
7;f0rest;GeT_RiGhT;dennis;Lekr0;REZ;Ninjas in Pyjamas;2019/may/27
8;NEO;olofmeister;GuardiaN;NiKo;rain;FaZe;2019/may/27
9;daps;tarik;Brehze;Ethan;CeRq;NRG;2019/may/27
10;jks;AZR;jkaem;Gratisfaction;Liazz;Renegades;2019/may/27
11;karrigan;chrisJ;woxic;frozen;ropz;MOUZ;2019/may/27
12;aizy;Kjaerbye;JUGi;gade;valde;North;2019/may/27
13;fitch;SANJI;buster;Qikert;Jame;AVANGAR;2019/may/27
14;JACKZ;shox;kennyS;AMANEK;Lucky;G2;2019/may/27
15;huNter-;LETN1;nexa;ottoNd;EspiranTo;Valiance;2019/may/27
16;Sico;dexter;erkaSt;malta;DickStacy;Grayhound;2019/may/27
17;Snappi;MSL;k0nfig;niko;refrezh;OpTic;2019/may/27
18;arT;yuurih;VINI;KSCERATO;ableJ;FURIA;2019/may/27
19;steel;freakazoid;koosta;WARDELL;neptune;Ghost;2019/may/27
20;bubble;v1c7oR;blocker;SHiPZ;poizon;Windigo;2019/may/27
21;gob b;tabseN;tiziaN;denis;XANTARES;BIG;2019/may/27
22;friberg;es3tag;NaToSaphiX;stavn;blameF;Heroic;2019/may/27
23;ANGE1;oskar;loWel;ISSAA;nukkye;HellRaisers;2019/may/27
24;cajunb;RUSH;autimatic;vice;Golden;Cloud9;2019/may/27
25;zeff;XigN;HSK;xeta;stax;MVP PK;2019/may/27
26;SZPERO;Furlan;GruBy;phr;kaper;AGO;2019/may/27
27;HUNDEN;Bubzkji;b0RUP;acoR;sjuush;Tricked;2019/may/27
28;ShahZaM;dephh;stanislaw;Rickeh;SicK;Complexity;2019/may/27
29;chopper;S0tF1k;COLDYY1;sdy;iDISBALANCE;Spirit;2019/may/27
0;nitr0;NAF;EliGE;Stewie2K;Twistzz;Liquid;2019/june/3
1;Xyp9x;dupreeh;gla1ve;device;Magisk;Astralis;2019/june/3
2;allu;Aerial;xseveN;Aleksib;sergej;ENCE;2019/june/3
3;NBK-;RpK;apEX;ALEX;ZywOo;Vitality;2019/june/3
4;NEO;olofmeister;GuardiaN;NiKo;rain;FaZe;2019/june/3
5;Zeus;flamie;s1mple;electroNic;Boombl4;Natus Vincere;2019/june/3
6;Xizt;JW;twist;KRIMZ;Brollan;fnatic;2019/june/3
7;FalleN;fer;coldzera;TACO;felps;MIBR;2019/june/3
8;f0rest;GeT_RiGhT;dennis;Lekr0;REZ;Ninjas in Pyjamas;2019/june/3
9;daps;tarik;Brehze;Ethan;CeRq;NRG;2019/june/3
10;arT;yuurih;VINI;KSCERATO;ableJ;FURIA;2019/june/3
11;jks;AZR;jkaem;Gratisfaction;Liazz;Renegades;2019/june/3
12;JACKZ;shox;kennyS;AMANEK;Lucky;G2;2019/june/3
13;karrigan;chrisJ;woxic;frozen;ropz;MOUZ;2019/june/3
14;aizy;Kjaerbye;JUGi;gade;valde;North;2019/june/3
15;fitch;SANJI;buster;Qikert;Jame;AVANGAR;2019/june/3
16;huNter-;LETN1;nexa;ottoNd;EspiranTo;Valiance;2019/june/3
17;Sico;dexter;erkaSt;malta;DickStacy;Grayhound;2019/june/3
18;bubble;v1c7oR;blocker;SHiPZ;poizon;Windigo;2019/june/3
19;steel;freakazoid;koosta;WARDELL;neptune;Ghost;2019/june/3
20;Snappi;MSL;k0nfig;niko;refrezh;OpTic;2019/june/3
21;gob b;tabseN;tiziaN;denis;XANTARES;BIG;2019/june/3
22;friberg;es3tag;NaToSaphiX;stavn;blameF;Heroic;2019/june/3
23;ANGE1;oskar;loWel;ISSAA;nukkye;HellRaisers;2019/june/3
24;cajunb;RUSH;autimatic;vice;Golden;Cloud9;2019/june/3
25;SZPERO;Furlan;GruBy;phr;kaper;AGO;2019/june/3
26;HUNDEN;Bubzkji;b0RUP;acoR;sjuush;Tricked;2019/june/3
27;zeff;XigN;HSK;xeta;stax;MVP PK;2019/june/3
28;syrsoN;Spiidi;mirbit;k1to;faveN;Sprout;2019/june/3
29;facecrack;almazer;FL1T;xsepower;Jerry;forZe;2019/june/3
0;nitr0;NAF;EliGE;Stewie2K;Twistzz;Liquid;2019/june/10
1;Xyp9x;dupreeh;gla1ve;device;Magisk;Astralis;2019/june/10
2;allu;Aerial;xseveN;Aleksib;sergej;ENCE;2019/june/10
3;NBK-;RpK;apEX;ALEX;ZywOo;Vitality;2019/june/10
4;arT;yuurih;VINI;KSCERATO;ableJ;FURIA;2019/june/10
5;NEO;olofmeister;GuardiaN;NiKo;rain;FaZe;2019/june/10
6;daps;tarik;Brehze;Ethan;CeRq;NRG;2019/june/10
7;Xizt;JW;twist;KRIMZ;Brollan;fnatic;2019/june/10
8;aizy;Kjaerbye;JUGi;gade;valde;North;2019/june/10
9;Zeus;flamie;s1mple;electroNic;Boombl4;Natus Vincere;2019/june/10
10;FalleN;fer;coldzera;TACO;felps;MIBR;2019/june/10
11;f0rest;GeT_RiGhT;dennis;Lekr0;REZ;Ninjas in Pyjamas;2019/june/10
12;jks;AZR;jkaem;Gratisfaction;Liazz;Renegades;2019/june/10
13;JACKZ;shox;kennyS;AMANEK;Lucky;G2;2019/june/10
14;karrigan;chrisJ;woxic;frozen;ropz;MOUZ;2019/june/10
15;fitch;SANJI;buster;Qikert;Jame;AVANGAR;2019/june/10
16;huNter-;LETN1;nexa;ottoNd;EspiranTo;CR4ZY;2019/june/10
17;Sico;dexter;erkaSt;malta;DickStacy;Grayhound;2019/june/10
18;bubble;v1c7oR;blocker;SHiPZ;poizon;Windigo;2019/june/10
19;steel;freakazoid;koosta;WARDELL;neptune;Ghost;2019/june/10
20;ShahZaM;dephh;Rickeh;SicK;oBo;Complexity;2019/june/10
21;gob b;tabseN;tiziaN;denis;XANTARES;BIG;2019/june/10
22;cajunb;RUSH;autimatic;vice;Golden;Cloud9;2019/june/10
23;ANGE1;oskar;loWel;ISSAA;nukkye;HellRaisers;2019/june/10
24;friberg;es3tag;NaToSaphiX;stavn;blameF;Heroic;2019/june/10
25;zeff;XigN;HSK;xeta;stax;MVP PK;2019/june/10
26;SZPERO;Furlan;GruBy;phr;kaper;AGO;2019/june/10
27;syrsoN;Spiidi;mirbit;k1to;faveN;Sprout;2019/june/10
28;facecrack;almazer;FL1T;xsepower;Jerry;forZe;2019/june/10
29;TaZ;MINISE;rallen;mouz;dycha;Aristocracy;2019/june/10
0;nitr0;NAF;EliGE;Stewie2K;Twistzz;Liquid;2019/june/17
1;Xyp9x;dupreeh;gla1ve;device;Magisk;Astralis;2019/june/17
2;allu;Aerial;xseveN;Aleksib;sergej;ENCE;2019/june/17
3;NBK-;RpK;apEX;ALEX;ZywOo;Vitality;2019/june/17
4;arT;yuurih;VINI;KSCERATO;ableJ;FURIA;2019/june/17
5;NEO;olofmeister;GuardiaN;NiKo;rain;FaZe;2019/june/17
6;Xizt;JW;twist;KRIMZ;Brollan;fnatic;2019/june/17
7;aizy;Kjaerbye;JUGi;gade;valde;North;2019/june/17
8;stanislaw;tarik;Brehze;Ethan;CeRq;NRG;2019/june/17
9;FalleN;fer;coldzera;TACO;felps;MIBR;2019/june/17
10;f0rest;GeT_RiGhT;dennis;Lekr0;REZ;Ninjas in Pyjamas;2019/june/17
11;Zeus;flamie;s1mple;electroNic;Boombl4;Natus Vincere;2019/june/17
12;jks;AZR;jkaem;Gratisfaction;Liazz;Renegades;2019/june/17
13;karrigan;chrisJ;woxic;frozen;ropz;MOUZ;2019/june/17
14;JACKZ;shox;kennyS;AMANEK;Lucky;G2;2019/june/17
15;huNter-;LETN1;nexa;ottoNd;EspiranTo;CR4ZY;2019/june/17
16;fitch;SANJI;buster;Qikert;Jame;AVANGAR;2019/june/17
17;bubble;v1c7oR;blocker;SHiPZ;poizon;Windigo;2019/june/17
18;Sico;dexter;erkaSt;malta;DickStacy;Grayhound;2019/june/17
19;MSL;k0nfig;niko;refrezh;TeSeS;OpTic;2019/june/17
20;Ex6TenZ;ScreaM;HS;hampus;nawwk;GamerLegion;2019/june/17
21;ShahZaM;dephh;Rickeh;SicK;oBo;Complexity;2019/june/17
22;draken;disco doplan;freddieb;RuStY;Plopski;Ancient;2019/june/17
23;syrsoN;Spiidi;mirbit;k1to;faveN;Sprout;2019/june/17
24;ANGE1;oskar;loWel;ISSAA;nukkye;HellRaisers;2019/june/17
25;gob b;tabseN;tiziaN;denis;XANTARES;BIG;2019/june/17
26;HUNDEN;Bubzkji;b0RUP;acoR;sjuush;Tricked;2019/june/17
27;TaZ;MINISE;rallen;mouz;dycha;Aristocracy;2019/june/17
28;friberg;es3tag;NaToSaphiX;stavn;blameF;Heroic;2019/june/17
29;zeff;XigN;HSK;xeta;stax;MVP PK;2019/june/17
0;nitr0;NAF;EliGE;Stewie2K;Twistzz;Liquid;2019/june/24
1;Xyp9x;dupreeh;gla1ve;device;Magisk;Astralis;2019/june/24
2;allu;Aerial;xseveN;Aleksib;sergej;ENCE;2019/june/24
3;NBK-;RpK;apEX;ALEX;ZywOo;Vitality;2019/june/24
4;stanislaw;tarik;Brehze;Ethan;CeRq;NRG;2019/june/24
5;NEO;olofmeister;GuardiaN;NiKo;rain;FaZe;2019/june/24
6;arT;yuurih;VINI;KSCERATO;ableJ;FURIA;2019/june/24
7;JACKZ;shox;kennyS;AMANEK;Lucky;G2;2019/june/24
8;FalleN;fer;coldzera;TACO;felps;MIBR;2019/june/24
9;Xizt;JW;twist;KRIMZ;Brollan;fnatic;2019/june/24
10;aizy;Kjaerbye;JUGi;gade;valde;North;2019/june/24
11;karrigan;chrisJ;woxic;frozen;ropz;MOUZ;2019/june/24
12;Zeus;flamie;s1mple;electroNic;Boombl4;Natus Vincere;2019/june/24
13;f0rest;GeT_RiGhT;Lekr0;REZ;Plopski;Ninjas in Pyjamas;2019/june/24
14;jks;AZR;jkaem;Gratisfaction;Liazz;Renegades;2019/june/24
15;huNter-;LETN1;nexa;ottoNd;EspiranTo;CR4ZY;2019/june/24
16;friberg;es3tag;NaToSaphiX;stavn;blameF;Heroic;2019/june/24
17;MSL;k0nfig;niko;refrezh;TeSeS;OpTic;2019/june/24
18;bubble;v1c7oR;blocker;SHiPZ;poizon;Windigo;2019/june/24
19;SANJI;buster;Qikert;Jame;;AVANGAR;2019/june/24
20;Sico;dexter;erkaSt;malta;DickStacy;Grayhound;2019/june/24
21;draken;disco doplan;freddieb;RuStY;grux;Ancient;2019/june/24
22;Ex6TenZ;ScreaM;HS;hampus;nawwk;GamerLegion;2019/june/24
23;ShahZaM;dephh;Rickeh;SicK;oBo;Complexity;2019/june/24
24;syrsoN;Spiidi;mirbit;k1to;faveN;Sprout;2019/june/24
25;cajunb;RUSH;autimatic;vice;Golden;Cloud9;2019/june/24
26;HUNDEN;Bubzkji;b0RUP;acoR;sjuush;Tricked;2019/june/24
27;ANGE1;oskar;loWel;ISSAA;nukkye;HellRaisers;2019/june/24
28;TaZ;MINISE;rallen;mouz;dycha;Aristocracy;2019/june/24
29;gob b;tabseN;tiziaN;denis;XANTARES;BIG;2019/june/24
0;nitr0;NAF;EliGE;Stewie2K;Twistzz;Liquid;2019/july/1
1;allu;Aerial;xseveN;Aleksib;sergej;ENCE;2019/july/1
2;NBK-;RpK;apEX;ALEX;ZywOo;Vitality;2019/july/1
3;Xyp9x;dupreeh;gla1ve;device;Magisk;Astralis;2019/july/1
4;NEO;olofmeister;GuardiaN;NiKo;rain;FaZe;2019/july/1
5;stanislaw;tarik;Brehze;Ethan;CeRq;NRG;2019/july/1
6;arT;yuurih;VINI;KSCERATO;ableJ;FURIA;2019/july/1
7;JACKZ;shox;kennyS;AMANEK;Lucky;G2;2019/july/1
8;aizy;Kjaerbye;JUGi;gade;valde;North;2019/july/1
9;karrigan;chrisJ;woxic;frozen;ropz;MOUZ;2019/july/1
10;Xizt;JW;twist;KRIMZ;Brollan;fnatic;2019/july/1
11;FalleN;fer;LUCAS1;coldzera;TACO;MIBR;2019/july/1
12;Zeus;flamie;s1mple;electroNic;Boombl4;Natus Vincere;2019/july/1
13;f0rest;GeT_RiGhT;Lekr0;REZ;Plopski;Ninjas in Pyjamas;2019/july/1
14;jks;AZR;jkaem;Gratisfaction;Liazz;Renegades;2019/july/1
15;friberg;es3tag;NaToSaphiX;stavn;blameF;Heroic;2019/july/1
16;huNter-;LETN1;nexa;ottoNd;EspiranTo;CR4ZY;2019/july/1
17;MSL;k0nfig;niko;refrezh;TeSeS;OpTic;2019/july/1
18;bubble;v1c7oR;blocker;SHiPZ;poizon;Windigo;2019/july/1
19;AdreN;SANJI;buster;Qikert;Jame;AVANGAR;2019/july/1
20;draken;disco doplan;freddieb;RuStY;grux;Ancient;2019/july/1
21;syrsoN;Spiidi;mirbit;k1to;faveN;Sprout;2019/july/1
22;HUNDEN;Bubzkji;b0RUP;acoR;sjuush;Tricked;2019/july/1
23;Ex6TenZ;ScreaM;HS;hampus;nawwk;GamerLegion;2019/july/1
24;cajunb;RUSH;autimatic;vice;Golden;Cloud9;2019/july/1
25;ShahZaM;dephh;Rickeh;SicK;oBo;Complexity;2019/july/1
26;ANGE1;oskar;loWel;ISSAA;nukkye;HellRaisers;2019/july/1
27;TaZ;MINISE;rallen;mouz;dycha;Aristocracy;2019/july/1
28;facecrack;almazer;FL1T;xsepower;Jerry;forZe;2019/july/1
29;Sico;dexter;erkaSt;malta;DickStacy;Grayhound;2019/july/1
0;nitr0;NAF;EliGE;Stewie2K;Twistzz;Liquid;2019/july/8
1;NBK-;RpK;apEX;ALEX;ZywOo;Vitality;2019/july/8
2;Xyp9x;dupreeh;gla1ve;device;Magisk;Astralis;2019/july/8
3;allu;Aerial;xseveN;Aleksib;sergej;ENCE;2019/july/8
4;stanislaw;tarik;Brehze;Ethan;CeRq;NRG;2019/july/8
5;NEO;olofmeister;GuardiaN;NiKo;rain;FaZe;2019/july/8
6;Zeus;flamie;s1mple;electroNic;Boombl4;Natus Vincere;2019/july/8
7;arT;yuurih;VINI;KSCERATO;ableJ;FURIA;2019/july/8
8;JACKZ;shox;kennyS;AMANEK;Lucky;G2;2019/july/8
9;karrigan;chrisJ;woxic;frozen;ropz;MOUZ;2019/july/8
10;aizy;Kjaerbye;JUGi;gade;valde;North;2019/july/8
11;f0rest;GeT_RiGhT;Lekr0;REZ;Plopski;Ninjas in Pyjamas;2019/july/8
12;FalleN;fer;LUCAS1;coldzera;TACO;MIBR;2019/july/8
13;Xizt;JW;twist;KRIMZ;Brollan;fnatic;2019/july/8
14;friberg;es3tag;NaToSaphiX;stavn;blameF;Heroic;2019/july/8
15;jks;AZR;jkaem;Gratisfaction;Liazz;Renegades;2019/july/8
16;MSL;k0nfig;niko;refrezh;TeSeS;OpTic;2019/july/8
17;huNter-;LETN1;nexa;ottoNd;EspiranTo;CR4ZY;2019/july/8
18;syrsoN;Spiidi;mirbit;k1to;faveN;Sprout;2019/july/8
19;draken;disco doplan;freddieb;RuStY;grux;Ancient;2019/july/8
20;AdreN;SANJI;buster;Qikert;Jame;AVANGAR;2019/july/8
21;HUNDEN;Bubzkji;b0RUP;acoR;sjuush;Tricked;2019/july/8
22;gob b;tabseN;tiziaN;denis;XANTARES;BIG;2019/july/8
23;bubble;SHiPZ;poizon;;;Windigo;2019/july/8
24;ShahZaM;dephh;Rickeh;SicK;oBo;Complexity;2019/july/8
25;dennis;ScreaM;HS;hampus;nawwk;GamerLegion;2019/july/8
26;ANGE1;oskar;loWel;ISSAA;nukkye;HellRaisers;2019/july/8
27;TaZ;MINISE;rallen;mouz;dycha;Aristocracy;2019/july/8
28;facecrack;almazer;FL1T;xsepower;Jerry;forZe;2019/july/8
29;Sico;dexter;erkaSt;malta;DickStacy;Grayhound;2019/july/8
0;nitr0;NAF;EliGE;Stewie2K;Twistzz;Liquid;2019/july/15
1;NBK-;RpK;apEX;ALEX;ZywOo;Vitality;2019/july/15
2;Xyp9x;dupreeh;gla1ve;device;Magisk;Astralis;2019/july/15
3;allu;Aerial;xseveN;Aleksib;sergej;ENCE;2019/july/15
4;stanislaw;tarik;Brehze;Ethan;CeRq;NRG;2019/july/15
5;NEO;olofmeister;GuardiaN;NiKo;rain;FaZe;2019/july/15
6;arT;yuurih;VINI;KSCERATO;ableJ;FURIA;2019/july/15
7;Zeus;flamie;s1mple;electroNic;Boombl4;Natus Vincere;2019/july/15
8;JACKZ;shox;kennyS;AMANEK;Lucky;G2;2019/july/15
9;aizy;Kjaerbye;JUGi;gade;valde;North;2019/july/15
10;karrigan;chrisJ;woxic;frozen;ropz;MOUZ;2019/july/15
11;f0rest;GeT_RiGhT;Lekr0;REZ;Plopski;Ninjas in Pyjamas;2019/july/15
12;Xizt;JW;twist;KRIMZ;Brollan;fnatic;2019/july/15
13;friberg;es3tag;NaToSaphiX;stavn;blameF;Heroic;2019/july/15
14;FalleN;zews;fer;LUCAS1;TACO;MIBR;2019/july/15
15;jks;AZR;jkaem;Gratisfaction;Liazz;Renegades;2019/july/15
16;MSL;k0nfig;niko;refrezh;TeSeS;OpTic;2019/july/15
17;huNter-;LETN1;nexa;ottoNd;EspiranTo;CR4ZY;2019/july/15
18;HUNDEN;Bubzkji;b0RUP;acoR;sjuush;Tricked;2019/july/15
19;mixwell;daps;autimatic;koosta;TenZ;Cloud9;2019/july/15
20;syrsoN;Spiidi;mirbit;k1to;faveN;Sprout;2019/july/15
21;dennis;ScreaM;HS;hampus;nawwk;GamerLegion;2019/july/15
22;draken;disco doplan;freddieb;RuStY;grux;Ancient;2019/july/15
23;bubble;Calyx;hAdji;SHiPZ;poizon;Windigo;2019/july/15
24;chopper;S0tF1k;COLDYY1;sdy;iDISBALANCE;Spirit;2019/july/15
25;ShahZaM;dephh;Rickeh;SicK;oBo;Complexity;2019/july/15
26;gob b;tabseN;tiziaN;denis;XANTARES;BIG;2019/july/15
27;AdreN;SANJI;buster;Qikert;Jame;AVANGAR;2019/july/15
28;Sico;dexter;erkaSt;malta;DickStacy;Grayhound;2019/july/15
29;Snax;MICHU;snatchie;phr;Vegi;Virtus.pro;2019/july/15
0;nitr0;NAF;EliGE;Stewie2K;Twistzz;Liquid;2019/july/22
1;NBK-;RpK;apEX;ALEX;ZywOo;Vitality;2019/july/22
2;Xyp9x;dupreeh;gla1ve;device;Magisk;Astralis;2019/july/22
3;allu;Aerial;xseveN;Aleksib;sergej;ENCE;2019/july/22
4;stanislaw;tarik;Brehze;Ethan;CeRq;NRG;2019/july/22
5;NEO;olofmeister;GuardiaN;NiKo;rain;FaZe;2019/july/22
6;Zeus;flamie;s1mple;electroNic;Boombl4;Natus Vincere;2019/july/22
7;JACKZ;shox;kennyS;AMANEK;Lucky;G2;2019/july/22
8;arT;yuurih;VINI;KSCERATO;ableJ;FURIA;2019/july/22
9;karrigan;chrisJ;woxic;frozen;ropz;MOUZ;2019/july/22
10;f0rest;GeT_RiGhT;Lekr0;REZ;Plopski;Ninjas in Pyjamas;2019/july/22
11;aizy;Kjaerbye;JUGi;gade;valde;North;2019/july/22
12;Xizt;JW;twist;KRIMZ;Brollan;fnatic;2019/july/22
13;FalleN;zews;fer;LUCAS1;TACO;MIBR;2019/july/22
14;friberg;es3tag;NaToSaphiX;stavn;blameF;Heroic;2019/july/22
15;huNter-;LETN1;nexa;ottoNd;EspiranTo;CR4ZY;2019/july/22
16;jks;AZR;jkaem;Gratisfaction;Liazz;Renegades;2019/july/22
17;HUNDEN;Bubzkji;b0RUP;acoR;sjuush;Tricked;2019/july/22
18;mixwell;daps;autimatic;koosta;TenZ;Cloud9;2019/july/22
19;MSL;k0nfig;niko;refrezh;TeSeS;OpTic;2019/july/22
20;dennis;ScreaM;HS;hampus;nawwk;GamerLegion;2019/july/22
21;gob b;tabseN;tiziaN;denis;XANTARES;BIG;2019/july/22
22;bubble;Calyx;hAdji;SHiPZ;poizon;Windigo;2019/july/22
23;syrsoN;Spiidi;mirbit;k1to;faveN;Sprout;2019/july/22
24;ShahZaM;dephh;Rickeh;SicK;oBo;Complexity;2019/july/22
25;chopper;S0tF1k;COLDYY1;sdy;iDISBALANCE;Spirit;2019/july/22
26;AdreN;SANJI;buster;Qikert;Jame;AVANGAR;2019/july/22
27;draken;disco doplan;freddieb;RuStY;grux;Ancient;2019/july/22
28;Sico;dexter;erkaSt;malta;DickStacy;Grayhound;2019/july/22
29;Snax;MICHU;snatchie;phr;Vegi;Virtus.pro;2019/july/22
0;nitr0;NAF;EliGE;Stewie2K;Twistzz;Liquid;2019/july/29
1;NBK-;RpK;apEX;ALEX;ZywOo;Vitality;2019/july/29
2;Xyp9x;dupreeh;gla1ve;device;Magisk;Astralis;2019/july/29
3;allu;Aerial;xseveN;Aleksib;sergej;ENCE;2019/july/29
4;stanislaw;tarik;Brehze;Ethan;CeRq;NRG;2019/july/29
5;NEO;olofmeister;GuardiaN;NiKo;rain;FaZe;2019/july/29
6;Zeus;flamie;s1mple;electroNic;Boombl4;Natus Vincere;2019/july/29
7;JACKZ;shox;kennyS;AMANEK;Lucky;G2;2019/july/29
8;arT;yuurih;VINI;KSCERATO;ableJ;FURIA;2019/july/29
9;karrigan;chrisJ;woxic;frozen;ropz;MOUZ;2019/july/29
10;f0rest;GeT_RiGhT;Lekr0;REZ;Plopski;Ninjas in Pyjamas;2019/july/29
11;aizy;Kjaerbye;JUGi;gade;valde;North;2019/july/29
12;Xizt;JW;twist;KRIMZ;Brollan;fnatic;2019/july/29
13;FalleN;zews;fer;LUCAS1;TACO;MIBR;2019/july/29
14;friberg;es3tag;NaToSaphiX;stavn;blameF;Heroic;2019/july/29
15;huNter-;LETN1;nexa;ottoNd;EspiranTo;CR4ZY;2019/july/29
16;jks;AZR;jkaem;Gratisfaction;Liazz;Renegades;2019/july/29
17;HUNDEN;Bubzkji;b0RUP;acoR;sjuush;Tricked;2019/july/29
18;MSL;k0nfig;niko;refrezh;TeSeS;OpTic;2019/july/29
19;mixwell;daps;autimatic;koosta;TenZ;Cloud9;2019/july/29
20;syrsoN;Spiidi;mirbit;k1to;faveN;Sprout;2019/july/29
21;facecrack;almazer;FL1T;xsepower;Jerry;forZe;2019/july/29
22;gob b;tabseN;tiziaN;denis;XANTARES;BIG;2019/july/29
23;dennis;ScreaM;HS;hampus;nawwk;GamerLegion;2019/july/29
24;Sico;dexter;erkaSt;malta;DickStacy;Grayhound;2019/july/29
25;ShahZaM;dephh;Rickeh;SicK;oBo;Complexity;2019/july/29
26;chopper;S0tF1k;COLDYY1;sdy;iDISBALANCE;Spirit;2019/july/29
27;bubble;Calyx;hAdji;SHiPZ;poizon;Windigo;2019/july/29
28;draken;disco doplan;freddieb;RuStY;grux;Ancient;2019/july/29
29;Snax;MICHU;snatchie;phr;Vegi;Virtus.pro;2019/july/29
0;nitr0;NAF;EliGE;Stewie2K;Twistzz;Liquid;2019/august/5
1;NBK-;RpK;apEX;ALEX;ZywOo;Vitality;2019/august/5
2;Xyp9x;dupreeh;gla1ve;device;Magisk;Astralis;2019/august/5
3;allu;Aerial;xseveN;Aleksib;sergej;ENCE;2019/august/5
4;stanislaw;tarik;Brehze;Ethan;CeRq;NRG;2019/august/5
5;NEO;olofmeister;GuardiaN;NiKo;rain;FaZe;2019/august/5
6;Zeus;flamie;s1mple;electroNic;Boombl4;Natus Vincere;2019/august/5
7;JACKZ;shox;kennyS;AMANEK;Lucky;G2;2019/august/5
8;karrigan;chrisJ;woxic;frozen;ropz;MOUZ;2019/august/5
9;arT;yuurih;VINI;KSCERATO;ableJ;FURIA;2019/august/5
10;f0rest;GeT_RiGhT;Lekr0;REZ;Plopski;Ninjas in Pyjamas;2019/august/5
11;aizy;Kjaerbye;JUGi;gade;valde;North;2019/august/5
12;friberg;es3tag;NaToSaphiX;stavn;blameF;Heroic;2019/august/5
13;FalleN;zews;fer;LUCAS1;TACO;MIBR;2019/august/5
14;Xizt;JW;twist;KRIMZ;Brollan;fnatic;2019/august/5
15;huNter-;LETN1;nexa;ottoNd;EspiranTo;CR4ZY;2019/august/5
16;jks;AZR;jkaem;Gratisfaction;Liazz;Renegades;2019/august/5
17;MSL;k0nfig;niko;refrezh;TeSeS;OpTic;2019/august/5
18;HUNDEN;Bubzkji;b0RUP;acoR;sjuush;Tricked;2019/august/5
19;mixwell;daps;autimatic;koosta;TenZ;Cloud9;2019/august/5
20;facecrack;almazer;FL1T;xsepower;Jerry;forZe;2019/august/5
21;dennis;ScreaM;HS;hampus;nawwk;GamerLegion;2019/august/5
22;syrsoN;Spiidi;mirbit;k1to;faveN;Sprout;2019/august/5
23;bubble;Calyx;hAdji;SHiPZ;poizon;Windigo;2019/august/5
24;Sico;dexter;erkaSt;malta;DickStacy;Grayhound;2019/august/5
25;ShahZaM;dephh;Rickeh;SicK;oBo;Complexity;2019/august/5
26;chopper;S0tF1k;COLDYY1;sdy;iDISBALANCE;Spirit;2019/august/5
27;tabseN;tiziaN;nex;XANTARES;smooya;BIG;2019/august/5
28;draken;disco doplan;freddieb;RuStY;grux;Ancient;2019/august/5
29;AdreN;SANJI;buster;Qikert;Jame;AVANGAR;2019/august/5
0;nitr0;NAF;EliGE;Stewie2K;Twistzz;Liquid;2019/august/12
1;NBK-;RpK;apEX;ALEX;ZywOo;Vitality;2019/august/12
2;Xyp9x;dupreeh;gla1ve;device;Magisk;Astralis;2019/august/12
3;allu;Aerial;xseveN;Aleksib;sergej;ENCE;2019/august/12
4;stanislaw;tarik;Brehze;Ethan;CeRq;NRG;2019/august/12
5;Zeus;flamie;s1mple;electroNic;Boombl4;Natus Vincere;2019/august/12
6;NEO;olofmeister;GuardiaN;NiKo;rain;FaZe;2019/august/12
7;JACKZ;shox;kennyS;AMANEK;Lucky;G2;2019/august/12
8;arT;yuurih;VINI;KSCERATO;ableJ;FURIA;2019/august/12
9;karrigan;chrisJ;woxic;frozen;ropz;MOUZ;2019/august/12
10;f0rest;GeT_RiGhT;Lekr0;REZ;Plopski;Ninjas in Pyjamas;2019/august/12
11;aizy;Kjaerbye;JUGi;gade;valde;North;2019/august/12
12;FalleN;zews;fer;LUCAS1;TACO;MIBR;2019/august/12
13;friberg;es3tag;NaToSaphiX;stavn;blameF;Heroic;2019/august/12
14;Xizt;JW;twist;KRIMZ;Brollan;fnatic;2019/august/12
15;jks;AZR;jkaem;Gratisfaction;Liazz;Renegades;2019/august/12
16;huNter-;LETN1;nexa;ottoNd;EspiranTo;CR4ZY;2019/august/12
17;cajunb;MSL;k0nfig;niko;TeSeS;OpTic;2019/august/12
18;mixwell;daps;autimatic;koosta;TenZ;Cloud9;2019/august/12
19;HUNDEN;Bubzkji;b0RUP;acoR;sjuush;Tricked;2019/august/12
20;facecrack;almazer;FL1T;xsepower;Jerry;forZe;2019/august/12
21;dennis;ScreaM;HS;hampus;nawwk;GamerLegion;2019/august/12
22;Sico;dexter;erkaSt;malta;DickStacy;Grayhound;2019/august/12
23;bubble;Calyx;hAdji;SHiPZ;poizon;Windigo;2019/august/12
24;tabseN;tiziaN;nex;XANTARES;smooya;BIG;2019/august/12
25;AdreN;SANJI;buster;Qikert;Jame;AVANGAR;2019/august/12
26;ShahZaM;dephh;Rickeh;SicK;oBo;Complexity;2019/august/12
27;chopper;S0tF1k;COLDYY1;sdy;iDISBALANCE;Spirit;2019/august/12
28;ANGE1;oskar;loWel;ISSAA;nukkye;HellRaisers;2019/august/12
29;kNgV-;xand;DeStiNy;yel;chelo;INTZ;2019/august/12
0;nitr0;NAF;EliGE;Stewie2K;Twistzz;Liquid;2019/august/19
1;NBK-;RpK;apEX;ALEX;ZywOo;Vitality;2019/august/19
2;Xyp9x;dupreeh;gla1ve;device;Magisk;Astralis;2019/august/19
3;allu;Aerial;xseveN;Aleksib;sergej;ENCE;2019/august/19
4;Zeus;flamie;s1mple;electroNic;Boombl4;Natus Vincere;2019/august/19
5;stanislaw;tarik;Brehze;Ethan;CeRq;NRG;2019/august/19
6;NEO;olofmeister;GuardiaN;NiKo;rain;FaZe;2019/august/19
7;JACKZ;shox;kennyS;AMANEK;Lucky;G2;2019/august/19
8;arT;yuurih;VINI;KSCERATO;ableJ;FURIA;2019/august/19
9;karrigan;chrisJ;woxic;frozen;ropz;MOUZ;2019/august/19
10;f0rest;GeT_RiGhT;Lekr0;REZ;Plopski;Ninjas in Pyjamas;2019/august/19
11;friberg;es3tag;NaToSaphiX;stavn;blameF;Heroic;2019/august/19
12;aizy;Kjaerbye;JUGi;gade;valde;North;2019/august/19
13;FalleN;zews;fer;LUCAS1;TACO;MIBR;2019/august/19
14;Xizt;JW;twist;KRIMZ;Brollan;fnatic;2019/august/19
15;huNter-;LETN1;nexa;ottoNd;EspiranTo;CR4ZY;2019/august/19
16;jks;AZR;jkaem;Gratisfaction;Liazz;Renegades;2019/august/19
17;mixwell;daps;autimatic;koosta;TenZ;Cloud9;2019/august/19
18;HUNDEN;Bubzkji;b0RUP;acoR;sjuush;Tricked;2019/august/19
19;cajunb;MSL;k0nfig;niko;TeSeS;OpTic;2019/august/19
20;facecrack;almazer;FL1T;xsepower;Jerry;forZe;2019/august/19
21;Sico;dexter;erkaSt;malta;DickStacy;Grayhound;2019/august/19
22;bubble;Calyx;hAdji;SHiPZ;poizon;Windigo;2019/august/19
23;tabseN;tiziaN;nex;XANTARES;smooya;BIG;2019/august/19
24;dennis;ScreaM;HS;hampus;nawwk;GamerLegion;2019/august/19
25;ShahZaM;dephh;Rickeh;SicK;oBo;Complexity;2019/august/19
26;AdreN;SANJI;buster;Qikert;Jame;AVANGAR;2019/august/19
27;Summer;BnTeT;Attacker;somebody;Freeman;TYLOO;2019/august/19
28;chopper;S0tF1k;COLDYY1;sdy;iDISBALANCE;Spirit;2019/august/19
29;syrsoN;Spiidi;mirbit;k1to;faveN;Sprout;2019/august/19
0;nitr0;NAF;EliGE;Stewie2K;Twistzz;Liquid;2019/august/26
1;NBK-;RpK;apEX;ALEX;ZywOo;Vitality;2019/august/26
2;Xyp9x;dupreeh;gla1ve;device;Magisk;Astralis;2019/august/26
3;allu;Aerial;xseveN;Aleksib;sergej;ENCE;2019/august/26
4;stanislaw;tarik;Brehze;Ethan;CeRq;NRG;2019/august/26
5;Zeus;flamie;s1mple;electroNic;Boombl4;Natus Vincere;2019/august/26
6;NEO;olofmeister;GuardiaN;NiKo;rain;FaZe;2019/august/26
7;JACKZ;shox;kennyS;AMANEK;Lucky;G2;2019/august/26
8;karrigan;chrisJ;woxic;frozen;ropz;MOUZ;2019/august/26
9;arT;yuurih;VINI;KSCERATO;ableJ;FURIA;2019/august/26
10;aizy;Kjaerbye;JUGi;gade;valde;North;2019/august/26
11;f0rest;GeT_RiGhT;Lekr0;REZ;Plopski;Ninjas in Pyjamas;2019/august/26
12;FalleN;zews;fer;LUCAS1;TACO;MIBR;2019/august/26
13;friberg;es3tag;b0RUP;stavn;blameF;Heroic;2019/august/26
14;huNter-;LETN1;nexa;ottoNd;EspiranTo;CR4ZY;2019/august/26
15;JW;KRIMZ;Brollan;;;fnatic;2019/august/26
16;jks;AZR;jkaem;Gratisfaction;Liazz;Renegades;2019/august/26
17;Sico;dexter;erkaSt;malta;DickStacy;Grayhound;2019/august/26
18;kinqie;svyat;Krad;speed4k;Forester;DreamEaters;2019/august/26
19;AdreN;SANJI;buster;Qikert;Jame;AVANGAR;2019/august/26
20;mixwell;daps;autimatic;koosta;TenZ;Cloud9;2019/august/26
21;facecrack;almazer;FL1T;xsepower;Jerry;forZe;2019/august/26
22;cajunb;MSL;k0nfig;niko;TeSeS;OpTic;2019/august/26
23;HUNDEN;Bubzkji;acoR;sjuush;roeJ;Tricked;2019/august/26
24;bubble;Calyx;hAdji;SHiPZ;poizon;Windigo;2019/august/26
25;tabseN;tiziaN;nex;XANTARES;smooya;BIG;2019/august/26
26;ShahZaM;dephh;Rickeh;SicK;oBo;Complexity;2019/august/26
27;dennis;ScreaM;HS;hampus;nawwk;GamerLegion;2019/august/26
28;t0rick;Ramz1kBO$$;neaLaN;Keoz;Perfecto;Syman;2019/august/26
29;Snax;MICHU;snatchie;phr;Vegi;Virtus.pro;2019/august/26
0;nitr0;NAF;EliGE;Stewie2K;Twistzz;Liquid;2019/september/2
1;NBK-;RpK;apEX;ALEX;ZywOo;Vitality;2019/september/2
2;allu;Aerial;xseveN;Aleksib;sergej;ENCE;2019/september/2
3;Xyp9x;dupreeh;gla1ve;device;Magisk;Astralis;2019/september/2
4;stanislaw;tarik;Brehze;Ethan;CeRq;NRG;2019/september/2
5;Zeus;flamie;s1mple;electroNic;Boombl4;Natus Vincere;2019/september/2
6;JACKZ;shox;kennyS;AMANEK;Lucky;G2;2019/september/2
7;NEO;olofmeister;GuardiaN;NiKo;rain;FaZe;2019/september/2
8;karrigan;chrisJ;woxic;frozen;ropz;MOUZ;2019/september/2
9;arT;yuurih;VINI;KSCERATO;ableJ;FURIA;2019/september/2
10;aizy;Kjaerbye;JUGi;gade;valde;North;2019/september/2
11;FalleN;zews;fer;LUCAS1;TACO;MIBR;2019/september/2
12;huNter-;LETN1;nexa;ottoNd;EspiranTo;CR4ZY;2019/september/2
13;f0rest;GeT_RiGhT;Lekr0;REZ;Plopski;Ninjas in Pyjamas;2019/september/2
14;AdreN;SANJI;buster;Qikert;Jame;AVANGAR;2019/september/2
15;jks;AZR;jkaem;Gratisfaction;Liazz;Renegades;2019/september/2
16;Snappi;es3tag;b0RUP;stavn;blameF;Heroic;2019/september/2
17;Sico;dexter;erkaSt;malta;DickStacy;Grayhound;2019/september/2
18;JW;KRIMZ;Brollan;;;fnatic;2019/september/2
19;kinqie;svyat;Krad;speed4k;Forester;DreamEaters;2019/september/2
20;facecrack;almazer;FL1T;xsepower;Jerry;forZe;2019/september/2
21;cajunb;MSL;k0nfig;niko;TeSeS;OpTic;2019/september/2
22;mixwell;daps;autimatic;koosta;TenZ;Cloud9;2019/september/2
23;HUNDEN;Bubzkji;acoR;sjuush;roeJ;Tricked;2019/september/2
24;ShahZaM;dephh;Rickeh;SicK;oBo;Complexity;2019/september/2
25;dennis;ScreaM;HS;hampus;nawwk;GamerLegion;2019/september/2
26;t0rick;Ramz1kBO$$;neaLaN;Keoz;Perfecto;Syman;2019/september/2
27;tabseN;tiziaN;nex;XANTARES;smooya;BIG;2019/september/2
28;Summer;BnTeT;Attacker;somebody;Freeman;TYLOO;2019/september/2
29;Snax;MICHU;snatchie;phr;Vegi;Virtus.pro;2019/september/2
0;nitr0;NAF;EliGE;Stewie2K;Twistzz;Liquid;2019/september/9
1;Xyp9x;dupreeh;gla1ve;device;Magisk;Astralis;2019/september/9
2;stanislaw;tarik;Brehze;Ethan;CeRq;NRG;2019/september/9
3;RpK;apEX;ALEX;ZywOo;;Vitality;2019/september/9
4;allu;Aerial;suNny;xseveN;sergej;ENCE;2019/september/9
5;AdreN;SANJI;buster;Qikert;Jame;AVANGAR;2019/september/9
6;Zeus;flamie;s1mple;electroNic;Boombl4;Natus Vincere;2019/september/9
7;karrigan;chrisJ;woxic;frozen;ropz;MOUZ;2019/september/9
8;JACKZ;shox;kennyS;AMANEK;Lucky;G2;2019/september/9
9;NEO;olofmeister;GuardiaN;NiKo;rain;FaZe;2019/september/9
10;jks;AZR;jkaem;Gratisfaction;Liazz;Renegades;2019/september/9
11;huNter-;LETN1;nexa;ottoNd;EspiranTo;CR4ZY;2019/september/9
12;aizy;Kjaerbye;JUGi;gade;valde;North;2019/september/9
13;arT;yuurih;VINI;KSCERATO;ableJ;FURIA;2019/september/9
14;FalleN;kNgV-;fer;LUCAS1;TACO;MIBR;2019/september/9
15;f0rest;GeT_RiGhT;Lekr0;REZ;Plopski;Ninjas in Pyjamas;2019/september/9
16;Snappi;es3tag;b0RUP;stavn;blameF;Heroic;2019/september/9
17;Sico;dexter;erkaSt;malta;DickStacy;Grayhound;2019/september/9
18;kinqie;svyat;Krad;speed4k;Forester;DreamEaters;2019/september/9
19;facecrack;almazer;FL1T;xsepower;Jerry;forZe;2019/september/9
20;JW;KRIMZ;Brollan;;;fnatic;2019/september/9
21;cajunb;MSL;k0nfig;niko;TeSeS;OpTic;2019/september/9
22;t0rick;Ramz1kBO$$;neaLaN;Keoz;Perfecto;Syman;2019/september/9
23;tabseN;tiziaN;nex;XANTARES;smooya;BIG;2019/september/9
24;HUNDEN;Bubzkji;acoR;sjuush;roeJ;Tricked;2019/september/9
25;ShahZaM;dephh;Rickeh;SicK;oBo;Complexity;2019/september/9
26;mixwell;daps;autimatic;koosta;TenZ;Cloud9;2019/september/9
27;Davidp;LOGAN;Maka;JiNKZ;jeyN;Heretics;2019/september/9
28;Summer;BnTeT;somebody;Freeman;DANK1NG;TYLOO;2019/september/9
29;xand;DeStiNy;yel;chelo;;INTZ;2019/september/9
0;nitr0;NAF;EliGE;Stewie2K;Twistzz;Liquid;2019/september/16
1;Xyp9x;dupreeh;gla1ve;device;Magisk;Astralis;2019/september/16
2;stanislaw;tarik;Brehze;Ethan;CeRq;NRG;2019/september/16
3;AdreN;SANJI;buster;Qikert;Jame;AVANGAR;2019/september/16
4;RpK;apEX;ALEX;ZywOo;;Vitality;2019/september/16
5;allu;Aerial;suNny;xseveN;sergej;ENCE;2019/september/16
6;karrigan;chrisJ;woxic;frozen;ropz;MOUZ;2019/september/16
7;jks;AZR;jkaem;Gratisfaction;Liazz;Renegades;2019/september/16
8;JACKZ;shox;kennyS;AMANEK;Lucky;G2;2019/september/16
9;flamie;s1mple;electroNic;Boombl4;;Natus Vincere;2019/september/16
10;olofmeister;GuardiaN;NiKo;rain;;FaZe;2019/september/16
11;facecrack;almazer;FL1T;xsepower;Jerry;forZe;2019/september/16
12;arT;yuurih;VINI;KSCERATO;ableJ;FURIA;2019/september/16
13;aizy;Kjaerbye;JUGi;gade;valde;North;2019/september/16
14;f0rest;GeT_RiGhT;Lekr0;REZ;Plopski;Ninjas in Pyjamas;2019/september/16
15;FalleN;kNgV-;fer;LUCAS1;TACO;MIBR;2019/september/16
16;huNter-;LETN1;nexa;ottoNd;EspiranTo;CR4ZY;2019/september/16
17;kinqie;svyat;Krad;speed4k;Forester;DreamEaters;2019/september/16
18;Snappi;es3tag;b0RUP;stavn;blameF;Heroic;2019/september/16
19;Sico;dexter;INS;malta;DickStacy;Grayhound;2019/september/16
20;cajunb;MSL;k0nfig;niko;TeSeS;OpTic;2019/september/16
21;tabseN;tiziaN;nex;XANTARES;smooya;BIG;2019/september/16
22;HUNDEN;Bubzkji;acoR;sjuush;roeJ;Tricked;2019/september/16
23;t0rick;Ramz1kBO$$;neaLaN;Keoz;Perfecto;Syman;2019/september/16
24;Davidp;LOGAN;Maka;JiNKZ;jeyN;Heretics;2019/september/16
25;dennis;ScreaM;HS;hampus;nawwk;GamerLegion;2019/september/16
26;Summer;BnTeT;somebody;Freeman;DANK1NG;TYLOO;2019/september/16
27;flusha;JW;KRIMZ;Golden;Brollan;fnatic;2019/september/16
28;ShahZaM;dephh;SicK;oBo;;Complexity;2019/september/16
29;mixwell;daps;autimatic;koosta;TenZ;Cloud9;2019/september/16
0;nitr0;NAF;EliGE;Stewie2K;Twistzz;Liquid;2019/september/23
1;Xyp9x;dupreeh;gla1ve;device;Magisk;Astralis;2019/september/23
2;AdreN;SANJI;buster;Qikert;Jame;AVANGAR;2019/september/23
3;stanislaw;tarik;Brehze;Ethan;CeRq;NRG;2019/september/23
4;RpK;apEX;ALEX;ZywOo;;Vitality;2019/september/23
5;allu;Aerial;suNny;xseveN;sergej;ENCE;2019/september/23
6;karrigan;chrisJ;woxic;frozen;ropz;MOUZ;2019/september/23
7;jks;AZR;jkaem;Gratisfaction;Liazz;Renegades;2019/september/23
8;GuardiaN;flamie;s1mple;electroNic;Boombl4;Natus Vincere;2019/september/23
9;FalleN;kNgV-;fer;LUCAS1;TACO;MIBR;2019/september/23
10;aizy;Kjaerbye;JUGi;gade;valde;North;2019/september/23
11;facecrack;almazer;FL1T;xsepower;Jerry;forZe;2019/september/23
12;JACKZ;kioShiMa;kennyS;AMANEK;Lucky;G2;2019/september/23
13;f0rest;GeT_RiGhT;Lekr0;REZ;Plopski;Ninjas in Pyjamas;2019/september/23
14;olofmeister;NiKo;rain;broky;;FaZe;2019/september/23
15;HEN1;arT;yuurih;VINI;KSCERATO;FURIA;2019/september/23
16;huNter-;LETN1;nexa;ottoNd;EspiranTo;CR4ZY;2019/september/23
17;HUNDEN;Bubzkji;acoR;sjuush;roeJ;Tricked;2019/september/23
18;Snax;MICHU;snatchie;phr;Vegi;Virtus.pro;2019/september/23
19;kinqie;svyat;Krad;speed4k;Forester;DreamEaters;2019/september/23
20;Snappi;es3tag;b0RUP;stavn;blameF;Heroic;2019/september/23
21;tabseN;tiziaN;nex;XANTARES;smooya;BIG;2019/september/23
22;innocent;reatz;oskarish;mono;STOMP;Illuminar;2019/september/23
23;flusha;JW;KRIMZ;Golden;Brollan;fnatic;2019/september/23
24;Sico;dexter;INS;malta;DickStacy;Grayhound;2019/september/23
25;exit;leo_drk;jnt;meyern;Luken;Sharks;2019/september/23
26;mixwell;daps;autimatic;koosta;TenZ;Cloud9;2019/september/23
27;syrsoN;Spiidi;denis;k1to;faveN;Sprout;2019/september/23
28;TaZ;MINISE;rallen;mouz;dycha;Aristocracy;2019/september/23
29;dennis;hampus;RuStY;nawwk;;GamerLegion;2019/september/23
0;nitr0;NAF;EliGE;Stewie2K;Twistzz;Liquid;2019/september/30
1;Xyp9x;dupreeh;gla1ve;device;Magisk;Astralis;2019/september/30
2;stanislaw;tarik;Brehze;Ethan;CeRq;Evil Geniuses;2019/september/30
3;AdreN;SANJI;buster;Qikert;Jame;AVANGAR;2019/september/30
4;shox;RpK;apEX;ALEX;ZywOo;Vitality;2019/september/30
5;allu;Aerial;suNny;xseveN;sergej;ENCE;2019/september/30
6;JACKZ;kioShiMa;kennyS;AMANEK;Lucky;G2;2019/september/30
7;karrigan;chrisJ;woxic;frozen;ropz;MOUZ;2019/september/30
8;jks;AZR;jkaem;Gratisfaction;Liazz;Renegades;2019/september/30
9;GuardiaN;flamie;s1mple;electroNic;Boombl4;Natus Vincere;2019/september/30
10;FalleN;kNgV-;fer;LUCAS1;TACO;MIBR;2019/september/30
11;aizy;Kjaerbye;JUGi;gade;valde;North;2019/september/30
12;HEN1;arT;yuurih;VINI;KSCERATO;FURIA;2019/september/30
13;facecrack;almazer;FL1T;xsepower;Jerry;forZe;2019/september/30
14;olofmeister;NiKo;rain;coldzera;broky;FaZe;2019/september/30
15;huNter-;LETN1;nexa;ottoNd;EspiranTo;CR4ZY;2019/september/30
16;f0rest;twist;Lekr0;REZ;Plopski;Ninjas in Pyjamas;2019/september/30
17;HUNDEN;Bubzkji;acoR;sjuush;roeJ;Tricked;2019/september/30
18;cajunb;MSL;k0nfig;niko;TeSeS;OpTic;2019/september/30
19;Snax;MICHU;snatchie;phr;Vegi;Virtus.pro;2019/september/30
20;tabseN;tiziaN;nex;XANTARES;smooya;BIG;2019/september/30
21;kinqie;svyat;Krad;speed4k;Forester;DreamEaters;2019/september/30
22;flusha;JW;KRIMZ;Golden;Brollan;fnatic;2019/september/30
23;innocent;reatz;oskarish;mono;STOMP;Illuminar;2019/september/30
24;TaZ;MINISE;rallen;mouz;dycha;Aristocracy;2019/september/30
25;syrsoN;Spiidi;denis;k1to;faveN;Sprout;2019/september/30
26;mixwell;daps;autimatic;koosta;TenZ;Cloud9;2019/september/30
27;Sico;dexter;INS;malta;DickStacy;Grayhound;2019/september/30
28;exit;leo_drk;jnt;meyern;Luken;Sharks;2019/september/30
29;dennis;hampus;RuStY;nawwk;;GamerLegion;2019/september/30
0;nitr0;NAF;EliGE;Stewie2K;Twistzz;Liquid;2019/september/31
1;Xyp9x;dupreeh;gla1ve;device;Magisk;Astralis;2019/september/31
2;stanislaw;tarik;Brehze;Ethan;CeRq;Evil Geniuses;2019/september/31
3;AdreN;SANJI;buster;Qikert;Jame;AVANGAR;2019/september/31
4;shox;RpK;apEX;ALEX;ZywOo;Vitality;2019/september/31
5;allu;Aerial;suNny;xseveN;sergej;ENCE;2019/september/31
6;JACKZ;kioShiMa;kennyS;AMANEK;Lucky;G2;2019/september/31
7;karrigan;chrisJ;woxic;frozen;ropz;MOUZ;2019/september/31
8;jks;AZR;jkaem;Gratisfaction;Liazz;Renegades;2019/september/31
9;GuardiaN;flamie;s1mple;electroNic;Boombl4;Natus Vincere;2019/september/31
10;FalleN;kNgV-;fer;LUCAS1;TACO;MIBR;2019/september/31
11;aizy;Kjaerbye;JUGi;gade;valde;North;2019/september/31
12;HEN1;arT;yuurih;VINI;KSCERATO;FURIA;2019/september/31
13;facecrack;almazer;FL1T;xsepower;Jerry;forZe;2019/september/31
14;olofmeister;NiKo;rain;coldzera;broky;FaZe;2019/september/31
15;huNter-;LETN1;nexa;ottoNd;EspiranTo;CR4ZY;2019/september/31
16;f0rest;twist;Lekr0;REZ;Plopski;Ninjas in Pyjamas;2019/september/31
17;HUNDEN;Bubzkji;acoR;sjuush;roeJ;Tricked;2019/september/31
18;cajunb;MSL;k0nfig;niko;TeSeS;OpTic;2019/september/31
19;Snax;MICHU;snatchie;phr;Vegi;Virtus.pro;2019/september/31
20;tabseN;tiziaN;nex;XANTARES;smooya;BIG;2019/september/31
21;kinqie;svyat;Krad;speed4k;Forester;DreamEaters;2019/september/31
22;flusha;JW;KRIMZ;Golden;Brollan;fnatic;2019/september/31
23;innocent;reatz;oskarish;mono;STOMP;Illuminar;2019/september/31
24;TaZ;MINISE;rallen;mouz;dycha;Aristocracy;2019/september/31
25;syrsoN;Spiidi;denis;k1to;faveN;Sprout;2019/september/31
26;mixwell;daps;autimatic;koosta;TenZ;Cloud9;2019/september/31
27;Sico;dexter;INS;malta;DickStacy;Grayhound;2019/september/31
28;exit;leo_drk;jnt;meyern;Luken;Sharks;2019/september/31
29;dennis;hampus;RuStY;nawwk;;GamerLegion;2019/september/31
0;Xyp9x;dupreeh;gla1ve;device;Magisk;Astralis;2019/october/7
1;nitr0;NAF;EliGE;Stewie2K;Twistzz;Liquid;2019/october/7
2;stanislaw;tarik;Brehze;Ethan;CeRq;Evil Geniuses;2019/october/7
3;flusha;JW;KRIMZ;Golden;Brollan;fnatic;2019/october/7
4;AdreN;SANJI;buster;Qikert;Jame;AVANGAR;2019/october/7
5;shox;RpK;apEX;ALEX;ZywOo;Vitality;2019/october/7
6;karrigan;chrisJ;woxic;frozen;ropz;MOUZ;2019/october/7
7;allu;Aerial;suNny;xseveN;sergej;ENCE;2019/october/7
8;GuardiaN;flamie;s1mple;electroNic;Boombl4;Natus Vincere;2019/october/7
9;jks;AZR;jkaem;Gratisfaction;Liazz;Renegades;2019/october/7
10;JACKZ;huNter-;kennyS;AMANEK;nexa;G2;2019/october/7
11;HEN1;arT;yuurih;VINI;KSCERATO;FURIA;2019/october/7
12;f0rest;twist;Lekr0;REZ;Plopski;Ninjas in Pyjamas;2019/october/7
13;FalleN;kNgV-;fer;LUCAS1;TACO;MIBR;2019/october/7
14;facecrack;almazer;FL1T;xsepower;Jerry;forZe;2019/october/7
15;aizy;Kjaerbye;JUGi;gade;valde;North;2019/october/7
16;olofmeister;NiKo;rain;coldzera;broky;FaZe;2019/october/7
17;Sico;dexter;INS;malta;DickStacy;Grayhound;2019/october/7
18;HUNDEN;Bubzkji;acoR;sjuush;roeJ;Tricked;2019/october/7
19;emi;LETN1;ottoNd;SHiPZ;EspiranTo;CR4ZY;2019/october/7
20;MSL;k0nfig;niko;TeSeS;;OpTic;2019/october/7
21;Snax;MICHU;snatchie;phr;Vegi;Virtus.pro;2019/october/7
22;kinqie;svyat;Krad;speed4k;Forester;DreamEaters;2019/october/7
23;innocent;reatz;oskarish;mono;STOMP;Illuminar;2019/october/7
24;syrsoN;Spiidi;denis;k1to;faveN;Sprout;2019/october/7
25;mixwell;daps;autimatic;koosta;TenZ;Cloud9;2019/october/7
26;tabseN;tiziaN;nex;XANTARES;smooya;BIG;2019/october/7
27;Snappi;cadiaN;es3tag;b0RUP;stavn;Heroic;2019/october/7
28;exit;leo_drk;jnt;meyern;Luken;Sharks;2019/october/7
29;TaZ;MINISE;rallen;mouz;dycha;Aristocracy;2019/october/7
0;Xyp9x;dupreeh;gla1ve;device;Magisk;Astralis;2019/october/14
1;nitr0;NAF;EliGE;Stewie2K;Twistzz;Liquid;2019/october/14
2;stanislaw;tarik;Brehze;Ethan;CeRq;Evil Geniuses;2019/october/14
3;flusha;JW;KRIMZ;Golden;Brollan;fnatic;2019/october/14
4;shox;RpK;apEX;ALEX;ZywOo;Vitality;2019/october/14
5;AdreN;SANJI;buster;Qikert;Jame;AVANGAR;2019/october/14
6;karrigan;chrisJ;woxic;frozen;ropz;MOUZ;2019/october/14
7;allu;Aerial;suNny;xseveN;sergej;ENCE;2019/october/14
8;GuardiaN;flamie;s1mple;electroNic;Boombl4;Natus Vincere;2019/october/14
9;jks;AZR;jkaem;Gratisfaction;Liazz;Renegades;2019/october/14
10;f0rest;twist;Lekr0;REZ;Plopski;Ninjas in Pyjamas;2019/october/14
11;HEN1;arT;yuurih;VINI;KSCERATO;FURIA;2019/october/14
12;FalleN;kNgV-;fer;LUCAS1;TACO;MIBR;2019/october/14
13;JACKZ;huNter-;kennyS;AMANEK;nexa;G2;2019/october/14
14;facecrack;almazer;FL1T;xsepower;Jerry;forZe;2019/october/14
15;Sico;dexter;INS;malta;DickStacy;Grayhound;2019/october/14
16;HUNDEN;Bubzkji;acoR;sjuush;roeJ;Tricked;2019/october/14
17;cajunb;aizy;Kjaerbye;JUGi;gade;North;2019/october/14
18;olofmeister;NiKo;rain;coldzera;broky;FaZe;2019/october/14
19;emi;LETN1;ottoNd;SHiPZ;EspiranTo;CR4ZY;2019/october/14
20;Snax;MICHU;snatchie;phr;Vegi;Virtus.pro;2019/october/14
21;Snappi;cadiaN;es3tag;b0RUP;stavn;Heroic;2019/october/14
22;kinqie;svyat;Krad;speed4k;Forester;Hard Legion;2019/october/14
23;tabseN;tiziaN;nex;XANTARES;smooya;BIG;2019/october/14
24;innocent;reatz;oskarish;mono;STOMP;Illuminar;2019/october/14
25;TaZ;MINISE;rallen;mouz;dycha;Aristocracy;2019/october/14
26;syrsoN;Spiidi;denis;k1to;faveN;Sprout;2019/october/14
27;FugLy;ANDROID;Nifty;ryann;s0m;Envy;2019/october/14
28;exit;leo_drk;jnt;meyern;Luken;Sharks;2019/october/14
29;Ramz1kBO$$;neaLaN;Keoz;n0rb3r7;Perfecto;Syman;2019/october/14
0;Xyp9x;dupreeh;gla1ve;device;Magisk;Astralis;2019/october/21
1;nitr0;NAF;EliGE;Stewie2K;Twistzz;Liquid;2019/october/21
2;stanislaw;tarik;Brehze;Ethan;CeRq;Evil Geniuses;2019/october/21
3;flusha;JW;KRIMZ;Golden;Brollan;fnatic;2019/october/21
4;shox;RpK;apEX;ALEX;ZywOo;Vitality;2019/october/21
5;AdreN;SANJI;buster;Qikert;Jame;AVANGAR;2019/october/21
6;karrigan;chrisJ;woxic;frozen;ropz;MOUZ;2019/october/21
7;jks;AZR;jkaem;Gratisfaction;Liazz;Renegades;2019/october/21
8;GuardiaN;flamie;s1mple;electroNic;Boombl4;Natus Vincere;2019/october/21
9;allu;Aerial;suNny;xseveN;sergej;ENCE;2019/october/21
10;f0rest;twist;Lekr0;REZ;Plopski;Ninjas in Pyjamas;2019/october/21
11;HEN1;arT;yuurih;VINI;KSCERATO;FURIA;2019/october/21
12;JACKZ;huNter-;kennyS;AMANEK;nexa;G2;2019/october/21
13;FalleN;kNgV-;fer;LUCAS1;TACO;MIBR;2019/october/21
14;facecrack;almazer;FL1T;xsepower;Jerry;forZe;2019/october/21
15;emi;LETN1;ottoNd;SHiPZ;EspiranTo;CR4ZY;2019/october/21
16;Sico;dexter;INS;malta;DickStacy;Grayhound;2019/october/21
17;Snappi;cadiaN;es3tag;b0RUP;stavn;Heroic;2019/october/21
18;HUNDEN;Bubzkji;acoR;sjuush;roeJ;Tricked;2019/october/21
19;cajunb;aizy;Kjaerbye;JUGi;gade;North;2019/october/21
20;olofmeister;NiKo;rain;coldzera;broky;FaZe;2019/october/21
21;Snax;MICHU;snatchie;phr;Vegi;Virtus.pro;2019/october/21
22;syrsoN;Spiidi;denis;k1to;faveN;Sprout;2019/october/21
23;innocent;reatz;oskarish;mono;STOMP;Illuminar;2019/october/21
24;kinqie;svyat;Krad;speed4k;Forester;Hard Legion;2019/october/21
25;tabseN;tiziaN;nex;XANTARES;smooya;BIG;2019/october/21
26;TaZ;MINISE;rallen;mouz;dycha;Aristocracy;2019/october/21
27;exit;leo_drk;jnt;meyern;Luken;Sharks;2019/october/21
28;FugLy;ANDROID;Nifty;ryann;s0m;Envy;2019/october/21
29;sAw;ZOREE;sLowi;doto;hoody;HAVU;2019/october/21
0;stanislaw;tarik;Brehze;Ethan;CeRq;Evil Geniuses;2019/october/28
1;Xyp9x;dupreeh;gla1ve;device;Magisk;Astralis;2019/october/28
2;flusha;JW;KRIMZ;Golden;Brollan;fnatic;2019/october/28
3;nitr0;NAF;EliGE;Stewie2K;Twistzz;Liquid;2019/october/28
4;shox;RpK;apEX;ALEX;ZywOo;Vitality;2019/october/28
5;AdreN;SANJI;buster;Qikert;Jame;AVANGAR;2019/october/28
6;jks;AZR;jkaem;Gratisfaction;Liazz;Renegades;2019/october/28
7;HEN1;arT;yuurih;VINI;KSCERATO;FURIA;2019/october/28
8;karrigan;chrisJ;woxic;frozen;ropz;MOUZ;2019/october/28
9;GuardiaN;flamie;s1mple;electroNic;Boombl4;Natus Vincere;2019/october/28
10;JACKZ;huNter-;kennyS;AMANEK;nexa;G2;2019/october/28
11;f0rest;twist;Lekr0;REZ;Plopski;Ninjas in Pyjamas;2019/october/28
12;allu;Aerial;suNny;xseveN;sergej;ENCE;2019/october/28
13;FalleN;kNgV-;fer;LUCAS1;TACO;MIBR;2019/october/28
14;facecrack;almazer;FL1T;xsepower;Jerry;forZe;2019/october/28
15;emi;LETN1;ottoNd;SHiPZ;EspiranTo;CR4ZY;2019/october/28
16;Snappi;cadiaN;es3tag;b0RUP;stavn;Heroic;2019/october/28
17;Sico;dexter;INS;malta;DickStacy;Grayhound;2019/october/28
18;HUNDEN;Bubzkji;acoR;sjuush;roeJ;Tricked;2019/october/28
19;cajunb;aizy;Kjaerbye;JUGi;gade;North;2019/october/28
20;olofmeister;NiKo;rain;coldzera;broky;FaZe;2019/october/28
21;Snax;MICHU;snatchie;phr;Vegi;Virtus.pro;2019/october/28
22;innocent;reatz;oskarish;mono;STOMP;Illuminar;2019/october/28
23;tabseN;tiziaN;nex;XANTARES;smooya;BIG;2019/october/28
24;syrsoN;Spiidi;denis;k1to;faveN;Sprout;2019/october/28
25;TaZ;MINISE;rallen;mouz;dycha;Aristocracy;2019/october/28
26;exit;leo_drk;jnt;meyern;Luken;Sharks;2019/october/28
27;FugLy;ANDROID;Nifty;ryann;s0m;Envy;2019/october/28
28;kinqie;svyat;Krad;speed4k;Forester;Hard Legion;2019/october/28
29;sAw;ZOREE;sLowi;doto;hoody;HAVU;2019/october/28
0;stanislaw;tarik;Brehze;Ethan;CeRq;Evil Geniuses;2019/november/4
1;Xyp9x;dupreeh;gla1ve;device;Magisk;Astralis;2019/november/4
2;flusha;JW;KRIMZ;Golden;Brollan;fnatic;2019/november/4
3;nitr0;NAF;EliGE;Stewie2K;Twistzz;Liquid;2019/november/4
4;shox;RpK;apEX;ALEX;ZywOo;Vitality;2019/november/4
5;AdreN;SANJI;buster;Qikert;Jame;AVANGAR;2019/november/4
6;f0rest;twist;Lekr0;REZ;Plopski;Ninjas in Pyjamas;2019/november/4
7;jks;AZR;jkaem;Gratisfaction;Liazz;100 Thieves;2019/november/4
8;olofmeister;NiKo;rain;coldzera;broky;FaZe;2019/november/4
9;HEN1;arT;yuurih;VINI;KSCERATO;FURIA;2019/november/4
10;karrigan;chrisJ;woxic;frozen;ropz;MOUZ;2019/november/4
11;GuardiaN;flamie;s1mple;electroNic;Boombl4;Natus Vincere;2019/november/4
12;JACKZ;huNter-;kennyS;AMANEK;nexa;G2;2019/november/4
13;allu;Aerial;suNny;xseveN;sergej;ENCE;2019/november/4
14;FalleN;kNgV-;fer;LUCAS1;TACO;MIBR;2019/november/4
15;facecrack;almazer;FL1T;xsepower;Jerry;forZe;2019/november/4
16;Snappi;cadiaN;es3tag;b0RUP;stavn;Heroic;2019/november/4
17;emi;LETN1;ottoNd;SHiPZ;EspiranTo;CR4ZY;2019/november/4
18;Sico;dexter;INS;malta;DickStacy;Grayhound;2019/november/4
19;HUNDEN;Bubzkji;acoR;sjuush;roeJ;Tricked;2019/november/4
20;cajunb;aizy;Kjaerbye;JUGi;gade;North;2019/november/4
21;Snax;MICHU;snatchie;phr;Vegi;Virtus.pro;2019/november/4
22;syrsoN;Spiidi;denis;k1to;faveN;Sprout;2019/november/4
23;tabseN;tiziaN;nex;XANTARES;smooya;BIG;2019/november/4
24;innocent;reatz;oskarish;mono;STOMP;Illuminar;2019/november/4
25;TaZ;MINISE;rallen;mouz;dycha;Aristocracy;2019/november/4
26;exit;leo_drk;jnt;meyern;Luken;Sharks;2019/november/4
27;FugLy;ANDROID;Nifty;ryann;s0m;Envy;2019/november/4
28;kinqie;svyat;Krad;speed4k;Forester;Hard Legion;2019/november/4
29;sAw;ZOREE;sLowi;doto;hoody;HAVU;2019/november/4
0;Xyp9x;dupreeh;gla1ve;device;Magisk;Astralis;2019/november/11
1;stanislaw;tarik;Brehze;Ethan;CeRq;Evil Geniuses;2019/november/11
2;flusha;JW;KRIMZ;Golden;Brollan;fnatic;2019/november/11
3;nitr0;NAF;EliGE;Stewie2K;Twistzz;Liquid;2019/november/11
4;shox;RpK;apEX;ALEX;ZywOo;Vitality;2019/november/11
5;jks;AZR;jkaem;Gratisfaction;Liazz;100 Thieves;2019/november/11
6;olofmeister;NiKo;rain;coldzera;broky;FaZe;2019/november/11
7;f0rest;twist;Lekr0;REZ;Plopski;Ninjas in Pyjamas;2019/november/11
8;AdreN;SANJI;buster;Qikert;Jame;AVANGAR;2019/november/11
9;HEN1;arT;yuurih;VINI;KSCERATO;FURIA;2019/november/11
10;GuardiaN;flamie;s1mple;electroNic;Boombl4;Natus Vincere;2019/november/11
11;karrigan;chrisJ;woxic;frozen;ropz;MOUZ;2019/november/11
12;allu;Aerial;suNny;xseveN;sergej;ENCE;2019/november/11
13;JACKZ;huNter-;kennyS;AMANEK;nexa;G2;2019/november/11
14;FalleN;kNgV-;fer;LUCAS1;TACO;MIBR;2019/november/11
15;Snappi;cadiaN;es3tag;b0RUP;stavn;Heroic;2019/november/11
16;facecrack;almazer;FL1T;xsepower;Jerry;forZe;2019/november/11
17;Sico;dexter;INS;malta;DickStacy;Grayhound;2019/november/11
18;emi;LETN1;ottoNd;SHiPZ;EspiranTo;CR4ZY;2019/november/11
19;HUNDEN;Bubzkji;acoR;sjuush;roeJ;Tricked;2019/november/11
20;cajunb;aizy;Kjaerbye;JUGi;gade;North;2019/november/11
21;Snax;MICHU;snatchie;phr;Vegi;Virtus.pro;2019/november/11
22;syrsoN;Spiidi;denis;k1to;faveN;Sprout;2019/november/11
23;tabseN;tiziaN;nex;XANTARES;smooya;BIG;2019/november/11
24;innocent;reatz;oskarish;mono;STOMP;Illuminar;2019/november/11
25;TaZ;MINISE;rallen;mouz;dycha;Aristocracy;2019/november/11
26;sAw;ZOREE;sLowi;doto;hoody;HAVU;2019/november/11
27;exit;leo_drk;jnt;meyern;Luken;Sharks;2019/november/11
28;FugLy;ANDROID;Nifty;ryann;s0m;Envy;2019/november/11
29;interz;supra;Ax1Le;sh1ro;nafany;Gambit Youngsters;2019/november/11
0;Xyp9x;dupreeh;gla1ve;device;Magisk;Astralis;2019/november/18
1;stanislaw;tarik;Brehze;Ethan;CeRq;Evil Geniuses;2019/november/18
2;flusha;JW;KRIMZ;Golden;Brollan;fnatic;2019/november/18
3;nitr0;NAF;EliGE;Stewie2K;Twistzz;Liquid;2019/november/18
4;jks;AZR;jkaem;Gratisfaction;Liazz;100 Thieves;2019/november/18
5;shox;RpK;apEX;ALEX;ZywOo;Vitality;2019/november/18
6;olofmeister;NiKo;rain;coldzera;broky;FaZe;2019/november/18
7;f0rest;twist;Lekr0;REZ;Plopski;Ninjas in Pyjamas;2019/november/18
8;AdreN;SANJI;buster;Qikert;Jame;AVANGAR;2019/november/18
9;GuardiaN;flamie;s1mple;electroNic;Boombl4;Natus Vincere;2019/november/18
10;HEN1;arT;yuurih;VINI;KSCERATO;FURIA;2019/november/18
11;karrigan;chrisJ;woxic;frozen;ropz;MOUZ;2019/november/18
12;JACKZ;huNter-;kennyS;AMANEK;nexa;G2;2019/november/18
13;allu;Aerial;suNny;xseveN;sergej;ENCE;2019/november/18
14;FalleN;kNgV-;fer;LUCAS1;TACO;MIBR;2019/november/18
15;Snappi;cadiaN;es3tag;b0RUP;stavn;Heroic;2019/november/18
16;emi;LETN1;ottoNd;SHiPZ;EspiranTo;CR4ZY;2019/november/18
17;facecrack;almazer;FL1T;xsepower;Jerry;forZe;2019/november/18
18;Sico;dexter;INS;malta;DickStacy;Grayhound;2019/november/18
19;cajunb;aizy;Kjaerbye;JUGi;gade;North;2019/november/18
20;HUNDEN;Bubzkji;acoR;sjuush;roeJ;Tricked;2019/november/18
21;Maikelele;zehN;STYKO;kRYSTAL;Maden;GODSENT;2019/november/18
22;syrsoN;Spiidi;denis;k1to;faveN;Sprout;2019/november/18
23;Snax;MICHU;snatchie;phr;Vegi;Virtus.pro;2019/november/18
24;interz;supra;Ax1Le;sh1ro;nafany;Gambit Youngsters;2019/november/18
25;Summer;BnTeT;Attacker;somebody;Freeman;TYLOO;2019/november/18
26;sAw;ZOREE;sLowi;doto;hoody;HAVU;2019/november/18
27;tabseN;tiziaN;nex;XANTARES;smooya;BIG;2019/november/18
28;innocent;reatz;oskarish;mono;STOMP;Illuminar;2019/november/18
29;Sonic;JT;floppy;motm;oSee;ATK;2019/november/18
0;Xyp9x;dupreeh;gla1ve;device;Magisk;Astralis;2019/november/25
1;stanislaw;tarik;Brehze;Ethan;CeRq;Evil Geniuses;2019/november/25
2;flusha;JW;KRIMZ;Golden;Brollan;fnatic;2019/november/25
3;nitr0;NAF;EliGE;Stewie2K;Twistzz;Liquid;2019/november/25
4;jks;AZR;jkaem;Gratisfaction;Liazz;100 Thieves;2019/november/25
5;shox;RpK;apEX;ALEX;ZywOo;Vitality;2019/november/25
6;olofmeister;NiKo;rain;coldzera;broky;FaZe;2019/november/25
7;karrigan;chrisJ;woxic;frozen;ropz;MOUZ;2019/november/25
8;f0rest;twist;Lekr0;REZ;Plopski;Ninjas in Pyjamas;2019/november/25
9;allu;Aerial;suNny;xseveN;sergej;ENCE;2019/november/25
10;AdreN;SANJI;buster;Qikert;Jame;AVANGAR;2019/november/25
11;GuardiaN;flamie;s1mple;electroNic;Boombl4;Natus Vincere;2019/november/25
12;HEN1;arT;yuurih;VINI;KSCERATO;FURIA;2019/november/25
13;FalleN;kNgV-;fer;LUCAS1;TACO;MIBR;2019/november/25
14;JACKZ;huNter-;kennyS;AMANEK;nexa;G2;2019/november/25
15;Snappi;cadiaN;es3tag;b0RUP;stavn;Heroic;2019/november/25
16;emi;LETN1;ottoNd;SHiPZ;EspiranTo;CR4ZY;2019/november/25
17;facecrack;almazer;FL1T;xsepower;Jerry;forZe;2019/november/25
18;Summer;BnTeT;Attacker;somebody;Freeman;TYLOO;2019/november/25
19;Sico;dexter;INS;malta;DickStacy;Grayhound;2019/november/25
20;cajunb;aizy;Kjaerbye;JUGi;gade;North;2019/november/25
21;HUNDEN;Bubzkji;acoR;sjuush;roeJ;Tricked;2019/november/25
22;Maikelele;zehN;STYKO;kRYSTAL;Maden;GODSENT;2019/november/25
23;syrsoN;Spiidi;denis;k1to;faveN;Sprout;2019/november/25
24;Snax;MICHU;snatchie;phr;Vegi;Virtus.pro;2019/november/25
25;tabseN;tiziaN;nex;XANTARES;smooya;BIG;2019/november/25
26;interz;supra;Ax1Le;sh1ro;nafany;Gambit Youngsters;2019/november/25
27;innocent;reatz;oskarish;mono;STOMP;Illuminar;2019/november/25
28;sAw;ZOREE;sLowi;doto;hoody;HAVU;2019/november/25
29;Sonic;JT;floppy;motm;oSee;ATK;2019/november/25
0;Xyp9x;dupreeh;gla1ve;device;Magisk;Astralis;2019/december/2
1;stanislaw;tarik;Brehze;Ethan;CeRq;Evil Geniuses;2019/december/2
2;nitr0;NAF;EliGE;Stewie2K;Twistzz;Liquid;2019/december/2
3;flusha;JW;KRIMZ;Golden;Brollan;fnatic;2019/december/2
4;jks;AZR;jkaem;Gratisfaction;Liazz;100 Thieves;2019/december/2
5;olofmeister;NiKo;rain;coldzera;broky;FaZe;2019/december/2
6;shox;RpK;apEX;ALEX;ZywOo;Vitality;2019/december/2
7;f0rest;twist;Lekr0;REZ;Plopski;Ninjas in Pyjamas;2019/december/2
8;karrigan;chrisJ;woxic;frozen;ropz;MOUZ;2019/december/2
9;allu;Aerial;suNny;xseveN;sergej;ENCE;2019/december/2
10;AdreN;SANJI;buster;Qikert;Jame;AVANGAR;2019/december/2
11;FalleN;kNgV-;fer;LUCAS1;TACO;MIBR;2019/december/2
12;HEN1;arT;yuurih;VINI;KSCERATO;FURIA;2019/december/2
13;GuardiaN;flamie;s1mple;electroNic;Boombl4;Natus Vincere;2019/december/2
14;JACKZ;huNter-;kennyS;AMANEK;nexa;G2;2019/december/2
15;facecrack;almazer;FL1T;xsepower;Jerry;forZe;2019/december/2
16;Snappi;cadiaN;es3tag;b0RUP;stavn;Heroic;2019/december/2
17;emi;LETN1;ottoNd;SHiPZ;EspiranTo;CR4ZY;2019/december/2
18;HUNDEN;Bubzkji;acoR;sjuush;roeJ;Tricked;2019/december/2
19;Summer;BnTeT;Attacker;somebody;Freeman;TYLOO;2019/december/2
20;Maikelele;zehN;STYKO;kRYSTAL;Maden;GODSENT;2019/december/2
21;cajunb;aizy;Kjaerbye;JUGi;gade;North;2019/december/2
22;Sico;dexter;INS;malta;DickStacy;Grayhound;2019/december/2
23;syrsoN;Spiidi;denis;k1to;faveN;Sprout;2019/december/2
24;Snax;MICHU;snatchie;phr;Vegi;Virtus.pro;2019/december/2
25;tabseN;tiziaN;nex;XANTARES;smooya;BIG;2019/december/2
26;innocent;reatz;oskarish;mono;STOMP;Illuminar;2019/december/2
27;sAw;ZOREE;sLowi;doto;hoody;HAVU;2019/december/2
28;chopper;mir;sdy;iDISBALANCE;magixx;Spirit;2019/december/2
29;FugLy;ANDROID;Nifty;ryann;s0m;Envy;2019/december/2
0;Xyp9x;dupreeh;gla1ve;device;Magisk;Astralis;2019/december/9
1;flusha;JW;KRIMZ;Golden;Brollan;fnatic;2019/december/9
2;stanislaw;tarik;Brehze;Ethan;CeRq;Evil Geniuses;2019/december/9
3;nitr0;NAF;EliGE;Stewie2K;Twistzz;Liquid;2019/december/9
4;karrigan;chrisJ;woxic;frozen;ropz;MOUZ;2019/december/9
5;jks;AZR;jkaem;Gratisfaction;Liazz;100 Thieves;2019/december/9
6;olofmeister;NiKo;rain;coldzera;broky;FaZe;2019/december/9
7;shox;RpK;apEX;ALEX;ZywOo;Vitality;2019/december/9
8;GuardiaN;flamie;s1mple;electroNic;Boombl4;Natus Vincere;2019/december/9
9;f0rest;twist;Lekr0;REZ;Plopski;Ninjas in Pyjamas;2019/december/9
10;FalleN;kNgV-;fer;LUCAS1;TACO;MIBR;2019/december/9
11;allu;Aerial;suNny;xseveN;sergej;ENCE;2019/december/9
12;HEN1;arT;yuurih;VINI;KSCERATO;FURIA;2019/december/9
13;JACKZ;huNter-;kennyS;AMANEK;nexa;G2;2019/december/9
14;AdreN;SANJI;buster;Qikert;Jame;AVANGAR;2019/december/9
15;facecrack;almazer;FL1T;xsepower;Jerry;forZe;2019/december/9
16;Snappi;cadiaN;es3tag;b0RUP;stavn;Heroic;2019/december/9
17;emi;LETN1;ottoNd;SHiPZ;EspiranTo;CR4ZY;2019/december/9
18;Sonic;JT;floppy;motm;oSee;ATK;2019/december/9
19;HUNDEN;Bubzkji;acoR;sjuush;roeJ;Tricked;2019/december/9
20;Summer;BnTeT;Attacker;somebody;Freeman;TYLOO;2019/december/9
21;Sico;dexter;INS;malta;DickStacy;Renegades;2019/december/9
22;Maikelele;zehN;STYKO;kRYSTAL;Maden;GODSENT;2019/december/9
23;cajunb;aizy;Kjaerbye;JUGi;gade;North;2019/december/9
24;syrsoN;Spiidi;denis;k1to;faveN;Sprout;2019/december/9
25;Snax;MICHU;snatchie;phr;Vegi;Virtus.pro;2019/december/9
26;innocent;reatz;oskarish;mono;STOMP;Illuminar;2019/december/9
27;sAw;ZOREE;sLowi;doto;hoody;HAVU;2019/december/9
28;tabseN;tiziaN;nex;XANTARES;smooya;BIG;2019/december/9
29;exit;leo_drk;jnt;meyern;Luken;Sharks;2019/december/9
0;Xyp9x;dupreeh;gla1ve;device;Magisk;Astralis;2019/december/16
1;flusha;JW;KRIMZ;Golden;Brollan;fnatic;2019/december/16
2;nitr0;NAF;EliGE;Stewie2K;Twistzz;Liquid;2019/december/16
3;karrigan;chrisJ;woxic;frozen;ropz;MOUZ;2019/december/16
4;stanislaw;tarik;Brehze;Ethan;CeRq;Evil Geniuses;2019/december/16
5;jks;AZR;jkaem;Gratisfaction;Liazz;100 Thieves;2019/december/16
6;olofmeister;NiKo;rain;coldzera;broky;FaZe;2019/december/16
7;shox;RpK;apEX;ALEX;ZywOo;Vitality;2019/december/16
8;f0rest;twist;Lekr0;REZ;Plopski;Ninjas in Pyjamas;2019/december/16
9;GuardiaN;flamie;s1mple;electroNic;Boombl4;Natus Vincere;2019/december/16
10;JACKZ;huNter-;kennyS;AMANEK;nexa;G2;2019/december/16
11;allu;Aerial;suNny;xseveN;sergej;ENCE;2019/december/16
12;HEN1;arT;yuurih;VINI;KSCERATO;FURIA;2019/december/16
13;FalleN;kNgV-;fer;TACO;meyern;MIBR;2019/december/16
14;AdreN;SANJI;buster;Qikert;Jame;Virtus.pro;2019/december/16
15;facecrack;almazer;FL1T;xsepower;Jerry;forZe;2019/december/16
16;Sonic;JT;floppy;motm;oSee;ATK;2019/december/16
17;HUNDEN;Bubzkji;acoR;sjuush;roeJ;MAD Lions;2019/december/16
18;cajunb;aizy;Kjaerbye;JUGi;gade;North;2019/december/16
19;emi;LETN1;ottoNd;SHiPZ;EspiranTo;CR4ZY;2019/december/16
20;Snappi;cadiaN;es3tag;b0RUP;stavn;Heroic;2019/december/16
21;Summer;BnTeT;Attacker;somebody;Freeman;TYLOO;2019/december/16
22;Maikelele;zehN;STYKO;kRYSTAL;Maden;GODSENT;2019/december/16
23;Sico;dexter;INS;malta;DickStacy;Renegades;2019/december/16
24;Snax;MICHU;snatchie;phr;Vegi;ex-Virtus.pro;2019/december/16
25;syrsoN;Spiidi;denis;k1to;faveN;Sprout;2019/december/16
26;NBK-;valde;Aleksib;ISSAA;mantuu;OG;2019/december/16
27;innocent;reatz;oskarish;mono;STOMP;Illuminar;2019/december/16
28;chopper;mir;sdy;iDISBALANCE;magixx;Spirit;2019/december/16
29;loWel;EasTor;steel;alex;mopoz;Movistar Riders;2019/december/16
0;Xyp9x;dupreeh;gla1ve;device;Magisk;Astralis;2019/december/23
1;karrigan;chrisJ;woxic;frozen;ropz;MOUZ;2019/december/23
2;flusha;JW;KRIMZ;Golden;Brollan;fnatic;2019/december/23
3;nitr0;NAF;EliGE;Stewie2K;Twistzz;Liquid;2019/december/23
4;stanislaw;tarik;Brehze;Ethan;CeRq;Evil Geniuses;2019/december/23
5;shox;RpK;apEX;ALEX;ZywOo;Vitality;2019/december/23
6;jks;AZR;jkaem;Gratisfaction;Liazz;100 Thieves;2019/december/23
7;olofmeister;NiKo;rain;coldzera;broky;FaZe;2019/december/23
8;GuardiaN;flamie;s1mple;electroNic;Boombl4;Natus Vincere;2019/december/23
9;f0rest;twist;Lekr0;REZ;Plopski;Ninjas in Pyjamas;2019/december/23
10;JACKZ;huNter-;kennyS;AMANEK;nexa;G2;2019/december/23
11;allu;Aerial;suNny;xseveN;sergej;ENCE;2019/december/23
12;facecrack;almazer;FL1T;xsepower;Jerry;forZe;2019/december/23
13;FalleN;kNgV-;fer;TACO;meyern;MIBR;2019/december/23
14;HEN1;arT;yuurih;VINI;KSCERATO;FURIA;2019/december/23
15;Snappi;cadiaN;es3tag;b0RUP;stavn;Heroic;2019/december/23
16;AdreN;SANJI;buster;Qikert;Jame;Virtus.pro;2019/december/23
17;Sonic;JT;floppy;motm;oSee;ATK;2019/december/23
18;cajunb;aizy;Kjaerbye;JUGi;gade;North;2019/december/23
19;emi;LETN1;ottoNd;SHiPZ;EspiranTo;CR4ZY;2019/december/23
20;HUNDEN;Bubzkji;acoR;sjuush;roeJ;MAD Lions;2019/december/23
21;Maikelele;zehN;STYKO;kRYSTAL;Maden;GODSENT;2019/december/23
22;Summer;Attacker;somebody;Freeman;;TYLOO;2019/december/23
23;Sico;dexter;INS;malta;DickStacy;Renegades;2019/december/23
24;chopper;mir;sdy;iDISBALANCE;magixx;Spirit;2019/december/23
25;Snax;MICHU;snatchie;phr;Vegi;ex-Virtus.pro;2019/december/23
26;NBK-;valde;Aleksib;ISSAA;mantuu;OG;2019/december/23
27;Spiidi;denis;k1to;faveN;;Sprout;2019/december/23
28;loWel;EasTor;steel;alex;mopoz;Movistar Riders;2019/december/23
29;sAw;ZOREE;sLowi;doto;hoody;HAVU;2019/december/23
0;Xyp9x;dupreeh;gla1ve;device;Magisk;Astralis;2019/december/30
1;karrigan;chrisJ;woxic;frozen;ropz;MOUZ;2019/december/30
2;flusha;JW;KRIMZ;Golden;Brollan;fnatic;2019/december/30
3;nitr0;NAF;EliGE;Stewie2K;Twistzz;Liquid;2019/december/30
4;stanislaw;tarik;Brehze;Ethan;CeRq;Evil Geniuses;2019/december/30
5;shox;RpK;apEX;ALEX;ZywOo;Vitality;2019/december/30
6;jks;AZR;jkaem;Gratisfaction;Liazz;100 Thieves;2019/december/30
7;olofmeister;NiKo;rain;coldzera;broky;FaZe;2019/december/30
8;GuardiaN;flamie;s1mple;electroNic;Boombl4;Natus Vincere;2019/december/30
9;f0rest;twist;Lekr0;REZ;Plopski;Ninjas in Pyjamas;2019/december/30
10;JACKZ;huNter-;kennyS;AMANEK;nexa;G2;2019/december/30
11;allu;Aerial;suNny;xseveN;sergej;ENCE;2019/december/30
12;facecrack;almazer;FL1T;xsepower;Jerry;forZe;2019/december/30
13;HEN1;arT;yuurih;VINI;KSCERATO;FURIA;2019/december/30
14;FalleN;kNgV-;fer;TACO;meyern;MIBR;2019/december/30
15;Snappi;cadiaN;es3tag;b0RUP;stavn;Heroic;2019/december/30
16;AdreN;SANJI;buster;Qikert;Jame;Virtus.pro;2019/december/30
17;Sonic;JT;floppy;motm;oSee;ATK;2019/december/30
18;emi;LETN1;ottoNd;SHiPZ;EspiranTo;CR4ZY;2019/december/30
19;cajunb;aizy;Kjaerbye;JUGi;gade;North;2019/december/30
20;HUNDEN;Bubzkji;acoR;sjuush;roeJ;MAD Lions;2019/december/30
21;Sico;dexter;INS;malta;DickStacy;Renegades;2019/december/30
22;Maikelele;zehN;STYKO;kRYSTAL;Maden;GODSENT;2019/december/30
23;Summer;Attacker;somebody;Freeman;;TYLOO;2019/december/30
24;chopper;mir;sdy;iDISBALANCE;magixx;Spirit;2019/december/30
25;NBK-;valde;Aleksib;ISSAA;mantuu;OG;2019/december/30
26;Snax;MICHU;snatchie;phr;Vegi;ex-Virtus.pro;2019/december/30
27;Spiidi;denis;k1to;faveN;;Sprout;2019/december/30
28;loWel;EasTor;steel;alex;mopoz;Movistar Riders;2019/december/30
29;sAw;ZOREE;sLowi;doto;hoody;HAVU;2019/december/30
